UTC TIME SEC  ,CH2 VOLT DC  ,Converted UTC Time,Converted Local Time,Converted Amps,mA
1475537569.371,1.537687,2016-10-03 23:32:49.371,19:32:49.371,0.007073077276909,7.07307727690892
1475537570.67,1.538127,2016-10-03 23:32:50.670,19:32:50.670,0.007075101195952,7.07510119595216
1475537571.966,1.54518,2016-10-03 23:32:51.966,19:32:51.966,0.007107543698252,7.10754369825207
1475537573.503,1.559413,2016-10-03 23:32:53.503,19:32:53.503,0.007173012879485,7.17301287948482
1475537574.801,1.559249,2016-10-03 23:32:54.801,19:32:54.801,0.00717225850966,7.17225850965961
1475537576.1,1.558992,2016-10-03 23:32:56.100,19:32:56.100,0.007171076356946,7.17107635694572
1475537577.465,1.7241,2016-10-03 23:32:57.465,19:32:57.465,0.007930542778289,7.93054277828887
1475537578.793,1.924527,2016-10-03 23:32:58.793,19:32:58.793,0.008852470101196,8.85247010119595
1475537580.092,1.995348,2016-10-03 23:33:00.092,19:33:00.092,0.009178233670653,9.17823367065317
1475537581.395,1.994396,2016-10-03 23:33:01.395,19:33:01.395,0.009173854645814,9.17385464581417
1475537582.95,1.941362,2016-10-03 23:33:02.950,19:33:02.950,0.00892990800368,8.92990800367985
1475537584.248,1.840297,2016-10-03 23:33:04.248,19:33:04.248,0.008465027598896,8.46502759889604
1475537585.546,1.771583,2016-10-03 23:33:05.546,19:33:05.546,0.008148955841766,8.14895584176633
1475537586.908,1.771693,2016-10-03 23:33:06.908,19:33:06.908,0.008149461821527,8.14946182152714
1475537588.236,1.786916,2016-10-03 23:33:08.236,19:33:08.236,0.008219484820607,8.21948482060717
1475537589.533,1.866493,2016-10-03 23:33:09.533,19:33:09.533,0.008585524379025,8.58552437902484
1475537590.831,1.943927,2016-10-03 23:33:10.831,19:33:10.831,0.008941706531739,8.94170653173873
1475537592.131,1.948177,2016-10-03 23:33:12.131,19:33:12.131,0.00896125574977,8.96125574977001
1475537593.686,1.947939,2016-10-03 23:33:13.686,19:33:13.686,0.00896016099356,8.96016099356026
1475537594.984,1.981059,2016-10-03 23:33:14.984,19:33:14.984,0.009112506899724,9.11250689972401
1475537596.281,2.017532,2016-10-03 23:33:16.281,19:33:16.281,0.00928027598896,9.28027598896044
1475537597.648,2.030172,2016-10-03 23:33:17.648,19:33:17.648,0.009338417663293,9.33841766329347
1475537598.976,2.030044,2016-10-03 23:33:18.976,19:33:18.976,0.009337828886845,9.33782888684453
1475537600.273,1.99053,2016-10-03 23:33:20.273,19:33:20.273,0.00915607175713,9.15607175712971
1475537601.57,1.904889,2016-10-03 23:33:21.570,19:33:21.570,0.008762138914443,8.76213891444342
1475537603.133,1.836615,2016-10-03 23:33:23.133,19:33:23.133,0.008448091076357,8.44809107635695
1475537604.431,1.836761,2016-10-03 23:33:24.431,19:33:24.431,0.008448762649494,8.44876264949402
1475537605.686,1.821722,2016-10-03 23:33:25.686,19:33:25.686,0.008379586016559,8.37958601655934
1475537607.048,1.677497,2016-10-03 23:33:27.048,19:33:27.048,0.007716177552898,7.71617755289788
1475537608.376,1.545363,2016-10-03 23:33:28.376,19:33:28.376,0.007108385464581,7.10838546458142
1475537609.675,1.53809,2016-10-03 23:33:29.675,19:33:29.675,0.00707493100276,7.07493100275989
1475537610.972,1.537761,2016-10-03 23:33:30.972,19:33:30.972,0.007073417663293,7.07341766329347
1475537612.271,1.543897,2016-10-03 23:33:32.271,19:33:32.271,0.007101642134315,7.10164213431463
1475537613.869,1.557765,2016-10-03 23:33:33.869,19:33:33.869,0.007165432382705,7.16543238270469
1475537615.166,1.558149,2016-10-03 23:33:35.166,19:33:35.166,0.007167198712052,7.16719871205152
1475537616.528,1.55716,2016-10-03 23:33:36.528,19:33:36.528,0.00716264949402,7.16264949402024
1475537617.856,1.716443,2016-10-03 23:33:37.856,19:33:37.856,0.007895321987121,7.89532198712051
1475537619.155,1.913243,2016-10-03 23:33:39.155,19:33:39.155,0.008800565777369,8.80056577736891
1475537620.453,1.996997,2016-10-03 23:33:40.453,19:33:40.453,0.009185818767249,9.18581876724931
1475537621.751,1.995971,2016-10-03 23:33:41.751,19:33:41.751,0.009181099356026,9.18109935602576
1475537623.312,1.950009,2016-10-03 23:33:43.312,19:33:43.312,0.008969682612696,8.96968261269549
1475537624.608,1.849511,2016-10-03 23:33:44.608,19:33:44.608,0.008507410303588,8.50741030358786
1475537625.907,1.772554,2016-10-03 23:33:45.907,19:33:45.907,0.008153422263109,8.15342226310948
1475537627.269,1.773854,2016-10-03 23:33:47.269,19:33:47.269,0.008159402023919,8.15940202391904
1475537628.598,1.782483,2016-10-03 23:33:48.598,19:33:48.598,0.008199093836247,8.19909383624655
1475537629.901,1.86239,2016-10-03 23:33:49.901,19:33:49.901,0.008566651333947,8.56665133394664
1475537631.2,1.941967,2016-10-03 23:33:51.200,19:33:51.200,0.008932690892364,8.93269089236431
1475537632.498,1.949441,2016-10-03 23:33:52.498,19:33:52.498,0.008967069917203,8.96706991720331
1475537634.048,1.948782,2016-10-03 23:33:54.048,19:33:54.048,0.008964038638454,8.96403863845446
1475537635.345,1.980198,2016-10-03 23:33:55.345,19:33:55.345,0.009108546458142,9.10854645814167
1475537636.706,2.018668,2016-10-03 23:33:56.706,19:33:56.706,0.009285501379945,9.2855013799448
1475537638.034,2.031583,2016-10-03 23:33:58.034,19:33:58.034,0.00934490800368,9.34490800367985
1475537639.33,2.031271,2016-10-03 23:33:59.330,19:33:59.330,0.009343472861086,9.34347286108556
1475537640.628,1.999232,2016-10-03 23:34:00.628,19:34:00.628,0.009196099356026,9.19609935602576
1475537641.924,1.912876,2016-10-03 23:34:01.924,19:34:01.924,0.008798877644894,8.7988776448942
1475537643.493,1.835333,2016-10-03 23:34:03.493,19:34:03.493,0.008442194112236,8.44219411223551
1475537644.79,1.83645,2016-10-03 23:34:04.790,19:34:04.790,0.008447332106716,8.44733210671573
1475537646.094,1.826668,2016-10-03 23:34:06.094,19:34:06.094,0.008402336706532,8.40233670653174
1475537647.454,1.682791,2016-10-03 23:34:07.454,19:34:07.454,0.007740528978841,7.74052897884085
1475537648.783,1.547286,2016-10-03 23:34:08.783,19:34:08.783,0.007117230910764,7.11723091076357
1475537650.083,1.537706,2016-10-03 23:34:10.083,19:34:10.083,0.007073164673413,7.07316467341306
1475537651.381,1.537852,2016-10-03 23:34:11.381,19:34:11.381,0.00707383624655,7.07383624655014
1475537652.68,1.543128,2016-10-03 23:34:12.680,19:34:12.680,0.007098104875805,7.09810487580497
1475537654.23,1.556281,2016-10-03 23:34:14.230,19:34:14.230,0.00715860625575,7.15860625574977
1475537655.526,1.55782,2016-10-03 23:34:15.526,19:34:15.526,0.007165685372585,7.1656853725851
1475537656.89,1.556171,2016-10-03 23:34:16.890,19:34:16.890,0.007158100275989,7.15810027598896
1475537658.218,1.698362,2016-10-03 23:34:18.218,19:34:18.218,0.007812152713891,7.81215271389144
1475537659.516,1.89824,2016-10-03 23:34:19.516,19:34:19.516,0.00873155473781,8.73155473781049
1475537660.82,1.99958,2016-10-03 23:34:20.820,19:34:20.820,0.009197700091996,9.19770009199632
1475537662.116,1.995128,2016-10-03 23:34:22.116,19:34:22.116,0.009177221711132,9.17722171113156
1475537663.673,1.959003,2016-10-03 23:34:23.673,19:34:23.673,0.009011053357866,9.01105335786568
1475537664.97,1.857425,2016-10-03 23:34:24.970,19:34:24.970,0.00854381324747,8.5438132474701
1475537666.269,1.769971,2016-10-03 23:34:26.269,19:34:26.269,0.008141540938362,8.14154093836246
1475537667.629,1.772132,2016-10-03 23:34:27.629,19:34:27.629,0.008151481140754,8.15148114075437
1475537668.958,1.775833,2016-10-03 23:34:28.958,19:34:28.958,0.008168505059798,8.16850505979761
1475537670.256,1.853542,2016-10-03 23:34:30.256,19:34:30.256,0.008525952161914,8.52595216191352
1475537671.553,1.934493,2016-10-03 23:34:31.553,19:34:31.553,0.008898311867525,8.8983118675253
1475537672.853,1.949514,2016-10-03 23:34:32.853,19:34:32.853,0.008967405703772,8.96740570377185
1475537674.408,1.947957,2016-10-03 23:34:34.408,19:34:34.408,0.008960243790248,8.96024379024839
1475537675.686,1.974977,2016-10-03 23:34:35.686,19:34:35.686,0.009084530818767,9.08453081876725
1475537677.061,2.014638,2016-10-03 23:34:37.061,19:34:37.061,0.009266964121435,9.26696412143514
1475537678.388,2.031638,2016-10-03 23:34:38.388,19:34:38.388,0.00934516099356,9.34516099356026
1475537679.686,2.030411,2016-10-03 23:34:39.686,19:34:39.686,0.009339517019319,9.33951701931923
1475537680.984,2.00971,2016-10-03 23:34:40.984,19:34:40.984,0.009244296228151,9.24429622815087
1475537682.283,1.921999,2016-10-03 23:34:42.283,19:34:42.283,0.008840841766329,8.84084176632935
1475537683.853,1.833263,2016-10-03 23:34:43.853,19:34:43.853,0.0084326724931,8.43267249310028
1475537685.151,1.835919,2016-10-03 23:34:45.151,19:34:45.151,0.008444889604416,8.44488960441582
1475537686.515,1.832365,2016-10-03 23:34:46.515,19:34:46.515,0.008428541858326,8.42854185832567
1475537687.844,1.695798,2016-10-03 23:34:47.844,19:34:47.844,0.007800358785649,7.80035878564857
1475537689.141,1.558168,2016-10-03 23:34:49.141,19:34:49.141,0.007167286108556,7.16728610855566
1475537690.438,1.535691,2016-10-03 23:34:50.438,19:34:50.438,0.007063896044158,7.06389604415823
1475537691.737,1.537284,2016-10-03 23:34:51.737,19:34:51.737,0.007071223551058,7.07122355105796
1475537693.039,1.541699,2016-10-03 23:34:53.039,19:34:53.039,0.00709153173873,7.09153173873045
1475537694.59,1.553753,2016-10-03 23:34:54.590,19:34:54.590,0.007146977920883,7.14697792088317
1475537695.888,1.556922,2016-10-03 23:34:55.888,19:34:55.888,0.00716155473781,7.16155473781049
1475537697.25,1.555255,2016-10-03 23:34:57.250,19:34:57.250,0.007153886844526,7.15388684452622
1475537698.578,1.672753,2016-10-03 23:34:58.578,19:34:58.578,0.007694356025759,7.69435602575897
1475537699.874,1.876917,2016-10-03 23:34:59.874,19:34:59.874,0.008633472861086,8.63347286108556
1475537701.173,2.003811,2016-10-03 23:35:01.173,19:35:01.173,0.009217161913523,9.21716191352346
1475537702.471,1.996777,2016-10-03 23:35:02.471,19:35:02.471,0.009184806807728,9.18480680772769
1475537704.033,1.970746,2016-10-03 23:35:04.033,19:35:04.033,0.00906506899724,9.06506899724011
1475537705.331,1.867885,2016-10-03 23:35:05.331,19:35:05.331,0.008591927322907,8.59192732290708
1475537706.695,1.768634,2016-10-03 23:35:06.695,19:35:06.695,0.008135390984361,8.13539098436063
1475537708.021,1.770374,2016-10-03 23:35:08.021,19:35:08.021,0.008143394664213,8.14339466421343
1475537709.324,1.771821,2016-10-03 23:35:09.324,19:35:09.324,0.008150050597976,8.15005059797608
1475537710.623,1.844437,2016-10-03 23:35:10.623,19:35:10.623,0.008484070837167,8.48407083716651
1475537711.92,1.926542,2016-10-03 23:35:11.920,19:35:11.920,0.008861738730451,8.86173873045078
1475537713.218,1.950027,2016-10-03 23:35:13.218,19:35:13.218,0.008969765409384,8.96976540938362
1475537714.77,1.946968,2016-10-03 23:35:14.770,19:35:14.770,0.008955694572217,8.95569457221711
1475537716.066,1.97038,2016-10-03 23:35:16.066,19:35:16.066,0.009063385464581,9.06338546458142
1475537717.428,2.010205,2016-10-03 23:35:17.428,19:35:17.428,0.009246573137075,9.24657313707452
1475537718.758,2.031491,2016-10-03 23:35:18.758,19:35:18.758,0.009344484820607,9.34448482060717
1475537720.057,2.029861,2016-10-03 23:35:20.057,19:35:20.057,0.009336987120515,9.33698712051518
1475537721.355,2.016653,2016-10-03 23:35:21.355,19:35:21.355,0.00927623275069,9.27623275068997
1475537722.653,1.92777,2016-10-03 23:35:22.653,19:35:22.653,0.008867387304508,8.86738730450782
1475537724.215,1.831522,2016-10-03 23:35:24.215,19:35:24.215,0.008424664213431,8.42466421343146
1475537725.518,1.83416,2016-10-03 23:35:25.518,19:35:25.518,0.008436798528059,8.43679852805888
1475537726.878,1.83601,2016-10-03 23:35:26.878,19:35:26.878,0.008445308187672,8.44530818767249
1475537728.206,1.706936,2016-10-03 23:35:28.206,19:35:28.206,0.007851591536339,7.85159153633855
1475537729.504,1.566814,2016-10-03 23:35:29.504,19:35:29.504,0.007207056117755,7.20705611775529
1475537730.8,1.532485,2016-10-03 23:35:30.800,19:35:30.800,0.007049149034039,7.04914903403864
1475537732.097,1.534976,2016-10-03 23:35:32.097,19:35:32.097,0.007060607175713,7.06060717571297
1475537733.395,1.540527,2016-10-03 23:35:33.395,19:35:33.395,0.00708614075437,7.08614075436983
1475537734.948,1.551793,2016-10-03 23:35:34.948,19:35:34.948,0.007137962281509,7.13796228150874
1475537736.246,1.556446,2016-10-03 23:35:36.246,19:35:36.246,0.007159365225391,7.15936522539098
1475537737.608,1.554284,2016-10-03 23:35:37.608,19:35:37.608,0.007149420423183,7.14942042318307
1475537738.936,1.657218,2016-10-03 23:35:38.936,19:35:38.936,0.007622897884085,7.62289788408464
1475537740.233,1.865687,2016-10-03 23:35:40.233,19:35:40.233,0.008581816927323,8.58181692732291
1475537741.536,2.008281,2016-10-03 23:35:41.536,19:35:41.536,0.009237723091076,9.23772309107636
1475537742.834,1.999342,2016-10-03 23:35:42.834,19:35:42.834,0.009196605335787,9.19660533578657
1475537744.393,1.97615,2016-10-03 23:35:44.393,19:35:44.393,0.009089926402944,9.08992640294388
1475537745.687,1.872282,2016-10-03 23:35:45.687,19:35:45.687,0.008612152713891,8.61215271389144
1475537747.051,1.767992,2016-10-03 23:35:47.051,19:35:47.051,0.008132437902484,8.1324379024839
1475537748.38,1.766838,2016-10-03 23:35:48.380,19:35:48.380,0.008127129714811,8.12712971481141
1475537749.678,1.768286,2016-10-03 23:35:49.678,19:35:49.678,0.00813379024839,8.13379024839006
1475537750.976,1.839253,2016-10-03 23:35:50.976,19:35:50.976,0.008460225390984,8.46022539098436
1475537752.273,1.922732,2016-10-03 23:35:52.273,19:35:52.273,0.008844213431463,8.84421343146274
1475537753.573,1.951456,2016-10-03 23:35:53.573,19:35:53.573,0.008976338546458,8.97633854645814
1475537755.134,1.947609,2016-10-03 23:35:55.134,19:35:55.134,0.008958643054278,8.95864305427783
1475537756.495,1.970673,2016-10-03 23:35:56.495,19:35:56.495,0.009064733210672,9.06473321067158
1475537757.826,2.010333,2016-10-03 23:35:57.826,19:35:57.826,0.009247161913523,9.24716191352346
1475537759.125,2.032462,2016-10-03 23:35:59.125,19:35:59.125,0.00934895124195,9.34895124195032
1475537760.421,2.030759,2016-10-03 23:36:00.421,19:36:00.421,0.00934111775529,9.34111775528979
1475537761.716,2.018998,2016-10-03 23:36:01.716,19:36:01.716,0.009287019319227,9.28701931922723
1475537763.014,1.930261,2016-10-03 23:36:03.014,19:36:03.014,0.008878845446182,8.87884544618215
1475537764.573,1.8309,2016-10-03 23:36:04.573,19:36:04.573,0.008421803127875,8.42180312787489
1475537765.868,1.832109,2016-10-03 23:36:05.868,19:36:05.868,0.008427364305428,8.42736430542778
1475537767.23,1.836157,2016-10-03 23:36:07.230,19:36:07.230,0.008445984360626,8.44598436062558
1475537768.558,1.711314,2016-10-03 23:36:08.558,19:36:08.558,0.007871729530819,7.87172953081877
1475537769.856,1.569892,2016-10-03 23:36:09.856,19:36:09.856,0.007221214351426,7.22121435142594
1475537771.156,1.530048,2016-10-03 23:36:11.156,19:36:11.156,0.007037939282429,7.0379392824287
1475537772.453,1.533217,2016-10-03 23:36:12.453,19:36:12.453,0.007052516099356,7.05251609935603
1475537773.756,1.539592,2016-10-03 23:36:13.756,19:36:13.756,0.007081839926403,7.08183992640294
1475537775.305,1.551188,2016-10-03 23:36:15.305,19:36:15.305,0.007135179392824,7.13517939282429
1475537776.666,1.556043,2016-10-03 23:36:16.666,19:36:16.666,0.00715751149954,7.15751149954002
1475537777.995,1.553313,2016-10-03 23:36:17.995,19:36:17.995,0.00714495400184,7.14495400183993
1475537779.294,1.650294,2016-10-03 23:36:19.294,19:36:19.294,0.00759104875805,7.59104875804968
1475537780.59,1.860338,2016-10-03 23:36:20.590,19:36:20.590,0.0085572125115,8.55721251149954
1475537781.89,2.010498,2016-10-03 23:36:21.890,19:36:21.890,0.009247920883165,9.24792088316467
1475537783.186,2.004324,2016-10-03 23:36:23.186,19:36:23.186,0.009219521619135,9.21952161913523
1475537784.75,1.982232,2016-10-03 23:36:24.750,19:36:24.750,0.009117902483901,9.11790248390065
1475537786.046,1.875488,2016-10-03 23:36:26.046,19:36:26.046,0.008626899724011,8.62689972401104
1475537787.411,1.768359,2016-10-03 23:36:27.411,19:36:27.411,0.008134126034959,8.1341260349586
1475537788.738,1.764292,2016-10-03 23:36:28.738,19:36:28.738,0.008115418583257,8.11541858325667
1475537790.04,1.766325,2016-10-03 23:36:30.040,19:36:30.040,0.0081247700092,8.12477000919963
1475537791.34,1.835589,2016-10-03 23:36:31.340,19:36:31.340,0.008443371665133,8.44337166513339
1475537792.638,1.920314,2016-10-03 23:36:32.638,19:36:32.638,0.008833091076357,8.83309107635695
1475537793.936,1.952262,2016-10-03 23:36:33.936,19:36:33.936,0.00898004599816,8.98004599816007
1475537795.486,1.948745,2016-10-03 23:36:35.486,19:36:35.486,0.008963868445262,8.96386844526219
1475537796.848,1.969519,2016-10-03 23:36:36.848,19:36:36.848,0.009059425022999,9.05942502299908
1475537798.176,2.008703,2016-10-03 23:36:38.176,19:36:38.176,0.009239664213431,9.23966421343146
1475537799.475,2.033158,2016-10-03 23:36:39.475,19:36:39.475,0.009352152713891,9.35215271389144
1475537800.774,2.032188,2016-10-03 23:36:40.774,19:36:40.774,0.009347690892364,9.34769089236431
1475537802.071,2.023669,2016-10-03 23:36:42.071,19:36:42.071,0.009308505059798,9.30850505979761
1475537803.37,1.935427,2016-10-03 23:36:43.370,19:36:43.370,0.008902608095676,8.90260809567617
1475537804.931,1.831266,2016-10-03 23:36:44.931,19:36:44.931,0.008423486660534,8.42348666053358
1475537806.235,1.830167,2016-10-03 23:36:46.235,19:36:46.235,0.008418431462741,8.41843146274149
1475537807.595,1.835534,2016-10-03 23:36:47.595,19:36:47.595,0.008443118675253,8.44311867525299
1475537808.922,1.718953,2016-10-03 23:36:48.922,19:36:48.922,0.007906867525299,7.90686752529899
1475537810.22,1.578282,2016-10-03 23:36:50.220,19:36:50.220,0.007259806807728,7.25980680772769
1475537811.518,1.529444,2016-10-03 23:36:51.518,19:36:51.518,0.00703516099356,7.03516099356026
1475537812.816,1.531001,2016-10-03 23:36:52.816,19:36:52.816,0.007042322907084,7.04232290708372
1475537814.115,1.537632,2016-10-03 23:36:54.115,19:36:54.115,0.007072824287029,7.07282428702852
1475537815.669,1.550309,2016-10-03 23:36:55.669,19:36:55.669,0.007131136154554,7.13113615455382
1475537817.03,1.555731,2016-10-03 23:36:57.030,19:36:57.030,0.007156076356946,7.15607635694572
1475537818.358,1.552855,2016-10-03 23:36:58.358,19:36:58.358,0.007142847286109,7.14284728610856
1475537819.656,1.633495,2016-10-03 23:36:59.656,19:36:59.656,0.007513776448942,7.51377644894204
1475537820.953,1.844236,2016-10-03 23:37:00.953,19:37:00.953,0.008483146274149,8.48314627414903
1475537822.256,2.013502,2016-10-03 23:37:02.256,19:37:02.256,0.009261738730451,9.26173873045078
1475537823.554,2.008391,2016-10-03 23:37:03.554,19:37:03.554,0.009238229070837,9.23822907083717
1475537825.116,1.992985,2016-10-03 23:37:05.116,19:37:05.116,0.009167364305428,9.16736430542778
1475537826.478,1.882101,2016-10-03 23:37:06.478,19:37:06.478,0.008657318307268,8.65731830726771
1475537827.808,1.772242,2016-10-03 23:37:07.808,19:37:07.808,0.008151987120515,8.15198712051518
1475537829.104,1.763852,2016-10-03 23:37:09.104,19:37:09.104,0.008113394664213,8.11339466421343
1475537830.403,1.764732,2016-10-03 23:37:10.403,19:37:10.403,0.0081174425023,8.11744250229991
1475537831.703,1.82643,2016-10-03 23:37:11.703,19:37:11.703,0.008401241950322,8.40124195032199
1475537833.001,1.911942,2016-10-03 23:37:13.001,19:37:13.001,0.008794581416743,8.79458141674333
1475537834.3,1.953508,2016-10-03 23:37:14.300,19:37:14.300,0.008985777368905,8.98577736890524
1475537835.848,1.95076,2016-10-03 23:37:15.848,19:37:15.848,0.008973137074517,8.97313707451702
1475537837.225,1.966972,2016-10-03 23:37:17.225,19:37:17.225,0.009047709291628,9.04770929162833
1475537838.553,2.005588,2016-10-03 23:37:18.553,19:37:18.553,0.009225335786569,9.22533578656854
1475537839.851,2.035082,2016-10-03 23:37:19.851,19:37:19.851,0.00936100275989,9.3610027598896
1475537841.15,2.034257,2016-10-03 23:37:21.150,19:37:21.150,0.009357207911684,9.35720791168353
1475537842.445,2.030832,2016-10-03 23:37:22.445,19:37:22.445,0.009341453541858,9.34145354185833
1475537843.745,1.946675,2016-10-03 23:37:23.745,19:37:23.745,0.008954346826127,8.95434682612695
1475537845.294,1.837384,2016-10-03 23:37:25.294,19:37:25.294,0.008451628334867,8.45162833486661
1475537846.654,1.829251,2016-10-03 23:37:26.654,19:37:26.654,0.008414218031279,8.41421803127875
1475537847.985,1.833519,2016-10-03 23:37:27.985,19:37:27.985,0.008433850045998,8.43385004599816
1475537849.281,1.736923,2016-10-03 23:37:29.281,19:37:29.281,0.007989526218951,7.98952621895124
1475537850.579,1.596546,2016-10-03 23:37:30.579,19:37:30.579,0.007343817847286,7.34381784728611
1475537851.877,1.528949,2016-10-03 23:37:31.877,19:37:31.877,0.007032884084637,7.03288408463661
1475537853.18,1.530305,2016-10-03 23:37:33.180,19:37:33.180,0.007039121435143,7.03912143514259
1475537854.478,1.535544,2016-10-03 23:37:34.478,19:37:34.478,0.007063219871205,7.06321987120515
1475537856.028,1.54736,2016-10-03 23:37:36.028,19:37:36.028,0.007117571297148,7.11757129714811
1475537857.39,1.555658,2016-10-03 23:37:37.390,19:37:37.390,0.007155740570377,7.15574057037718
1475537858.719,1.552379,2016-10-03 23:37:38.719,19:37:38.719,0.007140657773689,7.14065777368905
1475537860.018,1.603599,2016-10-03 23:37:40.018,19:37:40.018,0.007376260349586,7.37626034958602
1475537861.317,1.81575,2016-10-03 23:37:41.317,19:37:41.317,0.008352115915363,8.35211591536338
1475537862.615,2.00731,2016-10-03 23:37:42.615,19:37:42.615,0.009233256669733,9.23325666973321
1475537863.913,2.011487,2016-10-03 23:37:43.913,19:37:43.913,0.009252470101196,9.25247010119595
1475537865.473,2.005314,2016-10-03 23:37:45.473,19:37:45.473,0.009224075436983,9.22407543698252
1475537866.835,1.900584,2016-10-03 23:37:46.835,19:37:46.835,0.008742336706532,8.74233670653174
1475537868.165,1.787117,2016-10-03 23:37:48.165,19:37:48.165,0.008220409383625,8.22040938362465
1475537869.465,1.762863,2016-10-03 23:37:49.465,19:37:49.465,0.008108845446182,8.10884544618215
1475537870.765,1.763303,2016-10-03 23:37:50.765,19:37:50.765,0.008110869365225,8.11086936522539
1475537872.063,1.812819,2016-10-03 23:37:52.063,19:37:52.063,0.008338633854646,8.33863385464581
1475537873.361,1.897928,2016-10-03 23:37:53.361,19:37:53.361,0.008730119595216,8.73011959521619
1475537874.658,1.953581,2016-10-03 23:37:54.658,19:37:54.658,0.008986113155474,8.98611315547378
1475537876.208,1.95087,2016-10-03 23:37:56.208,19:37:56.208,0.008973643054278,8.97364305427783
1475537877.568,1.961275,2016-10-03 23:37:57.568,19:37:57.568,0.009021504139834,9.02150413983441
1475537878.893,1.999671,2016-10-03 23:37:58.893,19:37:58.893,0.009198118675253,9.19811867525299
1475537880.191,2.033708,2016-10-03 23:38:00.191,19:38:00.191,0.009354682612695,9.35468261269549
1475537881.49,2.033855,2016-10-03 23:38:01.490,19:38:01.490,0.009355358785649,9.35535878564857
1475537882.79,2.034056,2016-10-03 23:38:02.790,19:38:02.790,0.009356283348666,9.35628334866605
1475537884.086,1.961934,2016-10-03 23:38:04.086,19:38:04.086,0.009024535418583,9.02453541858326
1475537885.653,1.850061,2016-10-03 23:38:05.653,19:38:05.653,0.008509940202392,8.5099402023919
1475537887.015,1.827199,2016-10-03 23:38:07.015,19:38:07.015,0.008404779208832,8.40477920883165
1475537888.345,1.831376,2016-10-03 23:38:08.345,19:38:08.345,0.008423992640294,8.42399264029439
1475537889.641,1.7581,2016-10-03 23:38:09.641,19:38:09.641,0.008086936522539,8.0869365225391
1475537890.94,1.618052,2016-10-03 23:38:10.940,19:38:10.940,0.00744274149034,7.44274149034039
1475537892.238,1.528436,2016-10-03 23:38:12.238,19:38:12.238,0.007030524379025,7.03052437902484
1475537893.536,1.529224,2016-10-03 23:38:13.536,19:38:13.536,0.007034149034039,7.03414903403864
1475537894.835,1.533053,2016-10-03 23:38:14.835,19:38:14.835,0.007051761729531,7.05176172953082
1475537896.39,1.542743,2016-10-03 23:38:16.390,19:38:16.390,0.007096333946642,7.09633394664213
1475537897.751,1.553845,2016-10-03 23:38:17.751,19:38:17.751,0.007147401103956,7.14740110395584
1475537899.08,1.551133,2016-10-03 23:38:19.080,19:38:19.080,0.007134926402944,7.13492640294388
1475537900.378,1.567749,2016-10-03 23:38:20.378,19:38:20.378,0.007211356945722,7.21135694572217
1475537901.681,1.777921,2016-10-03 23:38:21.681,19:38:21.681,0.008178109475621,8.17810947562098
1475537902.98,1.983313,2016-10-03 23:38:22.980,19:38:22.980,0.009122874885005,9.1228748850046
1475537904.278,2.013282,2016-10-03 23:38:24.278,19:38:24.278,0.009260726770929,9.26072677092916
1475537905.835,2.009417,2016-10-03 23:38:25.835,19:38:25.835,0.009242948482061,9.24294848206072
1475537907.198,1.922274,2016-10-03 23:38:27.198,19:38:27.198,0.008842106715731,8.84210671573137
1475537908.528,1.809063,2016-10-03 23:38:28.528,19:38:28.528,0.008321356945722,8.32135694572217
1475537909.824,1.761892,2016-10-03 23:38:29.824,19:38:29.824,0.008104379024839,8.10437902483901
1475537911.119,1.761086,2016-10-03 23:38:31.119,19:38:31.119,0.008100671573137,8.10067157313707
1475537912.418,1.79384,2016-10-03 23:38:32.418,19:38:32.418,0.008251333946642,8.25133394664213
1475537913.715,1.878968,2016-10-03 23:38:33.715,19:38:33.715,0.008642907083717,8.64290708371665
1475537915.013,1.951309,2016-10-03 23:38:35.013,19:38:35.013,0.008975662373505,8.97566237350506
1475537916.57,1.95098,2016-10-03 23:38:36.570,19:38:36.570,0.008974149034039,8.97414903403864
1475537917.936,1.954277,2016-10-03 23:38:37.936,19:38:37.936,0.008989314627415,8.9893146274149
1475537919.265,1.992967,2016-10-03 23:38:39.265,19:38:39.265,0.00916728150874,9.16728150873965
1475537920.564,2.03052,2016-10-03 23:38:40.564,19:38:40.564,0.009340018399264,9.34001839926403
1475537921.862,2.034093,2016-10-03 23:38:41.862,19:38:41.862,0.009356453541858,9.35645354185832
1475537923.16,2.034404,2016-10-03 23:38:43.160,19:38:43.160,0.009357884084637,9.35788408463661
1475537924.458,1.979118,2016-10-03 23:38:44.458,19:38:44.458,0.009103578656854,9.10357865685373
1475537926.015,1.868417,2016-10-03 23:38:46.015,19:38:46.015,0.008594374425023,8.594374425023
1475537927.375,1.826943,2016-10-03 23:38:47.375,19:38:47.375,0.008403601655934,8.40360165593376
1475537928.705,1.830057,2016-10-03 23:38:48.705,19:38:48.705,0.008417925482981,8.41792548298068
1475537930,1.784553,2016-10-03 23:38:50.000,19:38:50.000,0.008208615455382,8.20861545538178
1475537931.296,1.644065,2016-10-03 23:38:51.296,19:38:51.296,0.00756239650414,7.56239650413983
1475537932.595,1.527759,2016-10-03 23:38:52.595,19:38:52.595,0.007027410303588,7.02741030358786
1475537933.898,1.52829,2016-10-03 23:38:53.898,19:38:53.898,0.007029852805888,7.02985280588777
1475537935.195,1.530799,2016-10-03 23:38:55.195,19:38:55.195,0.00704139374425,7.04139374425023
1475537936.745,1.539629,2016-10-03 23:38:56.745,19:38:56.745,0.007082010119595,7.08201011959522
1475537938.074,1.552251,2016-10-03 23:38:58.074,19:38:58.074,0.00714006899724,7.14006899724011
1475537939.372,1.550547,2016-10-03 23:38:59.372,19:38:59.372,0.007132230910764,7.13223091076357
1475537940.67,1.547854,2016-10-03 23:39:00.670,19:39:00.670,0.007119843606256,7.11984360625575
1475537941.968,1.725163,2016-10-03 23:39:01.968,19:39:01.968,0.007935432382705,7.93543238270469
1475537943.266,1.933449,2016-10-03 23:39:03.266,19:39:03.266,0.008893509659614,8.89350965961362
1475537944.563,2.014088,2016-10-03 23:39:04.563,19:39:04.563,0.009264434222631,9.26443422263109
1475537946.191,2.012714,2016-10-03 23:39:06.191,19:39:06.191,0.009258114075437,9.25811407543698
1475537946.91,1.998902,2016-10-03 23:39:06.910,19:39:06.910,0.009194581416743,9.19458141674333
1475537948.238,1.888897,2016-10-03 23:39:08.238,19:39:08.238,0.008688578656854,8.68857865685373
1475537949.536,1.78001,2016-10-03 23:39:09.536,19:39:09.536,0.00818771849126,8.18771849126035
1475537950.835,1.762772,2016-10-03 23:39:10.835,19:39:10.835,0.008108426862925,8.10842686292548
1475537952.133,1.76028,2016-10-03 23:39:12.133,19:39:12.133,0.008096964121435,8.09696412143514
1475537953.431,1.818864,2016-10-03 23:39:13.431,19:39:13.431,0.00836643974241,8.3664397424103
1475537954.731,1.903864,2016-10-03 23:39:14.731,19:39:14.731,0.008757424103036,8.75742410303588
1475537956.283,1.950449,2016-10-03 23:39:16.283,19:39:16.283,0.008971706531739,8.97170653173873
1475537957.645,1.95065,2016-10-03 23:39:17.645,19:39:17.645,0.008972631094756,8.97263109475621
1475537958.975,1.966899,2016-10-03 23:39:18.975,19:39:18.975,0.00904737350506,9.0473735050598
1475537960.271,2.005094,2016-10-03 23:39:20.271,19:39:20.271,0.009223063477461,9.2230634774609
1475537961.57,2.035668,2016-10-03 23:39:21.570,19:39:21.570,0.00936369825207,9.36369825206991
1475537962.868,2.03565,2016-10-03 23:39:22.868,19:39:22.868,0.009363615455382,9.36361545538179
1475537964.166,2.034221,2016-10-03 23:39:24.166,19:39:24.166,0.009357042318307,9.35704231830727
1475537965.468,1.95272,2016-10-03 23:39:25.468,19:39:25.468,0.008982152713891,8.98215271389145
1475537967.018,1.84233,2016-10-03 23:39:27.018,19:39:27.018,0.008474379024839,8.47437902483901
1475537968.346,1.827877,2016-10-03 23:39:28.346,19:39:28.346,0.008407897884085,8.40789788408464
1475537969.644,1.830222,2016-10-03 23:39:29.644,19:39:29.644,0.008418684452622,8.4186844526219
1475537970.943,1.750186,2016-10-03 23:39:30.943,19:39:30.943,0.008050533578657,8.05053357865685
1475537972.241,1.610725,2016-10-03 23:39:32.241,19:39:32.241,0.007409038638454,7.40903863845446
1475537973.539,1.526458,2016-10-03 23:39:33.539,19:39:33.539,0.007021425942962,7.02142594296228
1475537974.835,1.52741,2016-10-03 23:39:34.835,19:39:34.835,0.007025804967801,7.02580496780129
1475537976.463,1.533309,2016-10-03 23:39:36.463,19:39:36.463,0.007052939282429,7.0529392824287
1475537977.18,1.537376,2016-10-03 23:39:37.180,19:39:37.180,0.007071646734131,7.07164673413064
1475537978.508,1.549301,2016-10-03 23:39:38.508,19:39:38.508,0.007126499540018,7.1264995400184
1475537979.806,1.548605,2016-10-03 23:39:39.806,19:39:39.806,0.007123298068077,7.12329806807728
1475537981.11,1.546719,2016-10-03 23:39:41.110,19:39:41.110,0.007114622815087,7.1146228150874
1475537982.408,1.691346,2016-10-03 23:39:42.408,19:39:42.408,0.007779880404784,7.77988040478381
1475537983.705,1.901409,2016-10-03 23:39:43.705,19:39:43.705,0.008746131554738,8.74613155473781
1475537985.003,2.014162,2016-10-03 23:39:45.003,19:39:45.003,0.009264774609016,9.26477460901564
1475537986.553,2.015462,2016-10-03 23:39:46.553,19:39:46.553,0.009270754369825,9.27075436982521
1475537987.914,1.971808,2016-10-03 23:39:47.914,19:39:47.914,0.00906995400184,9.06995400183993
1475537989.245,1.858744,2016-10-03 23:39:49.245,19:39:49.245,0.008549880404784,8.54988040478381
1475537990.541,1.769165,2016-10-03 23:39:50.541,19:39:50.541,0.008137833486661,8.13783348666053
1475537991.84,1.763065,2016-10-03 23:39:51.840,19:39:51.840,0.008109774609016,8.10977460901564
1475537993.136,1.762277,2016-10-03 23:39:53.136,19:39:53.136,0.008106149954002,8.10614995400184
1475537994.435,1.842221,2016-10-03 23:39:54.435,19:39:54.435,0.008473877644894,8.4738776448942
1475537995.689,1.924509,2016-10-03 23:39:55.689,19:39:55.689,0.008852387304508,8.85238730450782
1475537997.286,1.949038,2016-10-03 23:39:57.286,19:39:57.286,0.008965216191352,8.96521619135235
1475537998.615,1.94924,2016-10-03 23:39:58.615,19:39:58.615,0.008966145354186,8.96614535418583
1475537999.913,1.976003,2016-10-03 23:39:59.913,19:39:59.913,0.009089250229991,9.0892502299908
1475538001.211,2.014015,2016-10-03 23:40:01.211,19:40:01.211,0.009264098436063,9.26409843606256
1475538002.508,2.035943,2016-10-03 23:40:02.508,19:40:02.508,0.009364963201472,9.36496320147194
1475538003.808,2.036053,2016-10-03 23:40:03.808,19:40:03.808,0.009365469181233,9.36546918123275
1475538005.109,2.021251,2016-10-03 23:40:05.109,19:40:05.109,0.009297382704692,9.29738270469181
1475538006.732,1.906025,2016-10-03 23:40:06.732,19:40:06.732,0.008767364305428,8.76736430542778
1475538008.061,1.827694,2016-10-03 23:40:08.061,19:40:08.061,0.008407056117755,8.40705611775529
1475538009.36,1.828683,2016-10-03 23:40:09.360,19:40:09.360,0.008411605335787,8.41160533578657
1475538010.658,1.829342,2016-10-03 23:40:10.658,19:40:10.658,0.008414636614535,8.41463661453542
1475538011.96,1.703895,2016-10-03 23:40:11.960,19:40:11.960,0.00783760349586,7.83760349586017
1475538013.258,1.565092,2016-10-03 23:40:13.258,19:40:13.258,0.007199135234591,7.19913523459062
1475538014.555,1.524864,2016-10-03 23:40:14.555,19:40:14.555,0.007014093836247,7.01409383624655
1475538015.854,1.526018,2016-10-03 23:40:15.854,19:40:15.854,0.007019402023919,7.01940202391904
1475538017.466,1.534115,2016-10-03 23:40:17.466,19:40:17.466,0.007056646734131,7.05664673413063
1475538018.796,1.545381,2016-10-03 23:40:18.796,19:40:18.796,0.00710846826127,7.10846826126955
1475538020.095,1.546261,2016-10-03 23:40:20.095,19:40:20.095,0.007112516099356,7.11251609935603
1475538021.393,1.544081,2016-10-03 23:40:21.393,19:40:21.393,0.00710248850046,7.10248850045998
1475538022.691,1.637617,2016-10-03 23:40:22.691,19:40:22.691,0.007532736890524,7.53273689052438
1475538023.988,1.850061,2016-10-03 23:40:23.988,19:40:23.988,0.008509940202392,8.5099402023919
1475538025.286,2.013795,2016-10-03 23:40:25.286,19:40:25.286,0.009263086476541,9.26308647654094
1475538026.913,2.015389,2016-10-03 23:40:26.913,19:40:26.913,0.009270418583257,9.27041858325667
1475538028.246,1.995733,2016-10-03 23:40:28.246,19:40:28.246,0.009180004599816,9.18000459981601
1475538029.545,1.886424,2016-10-03 23:40:29.545,19:40:29.545,0.008677203311868,8.67720331186752
1475538030.841,1.778672,2016-10-03 23:40:30.841,19:40:30.841,0.008181563937443,8.1815639374425
1475538032.141,1.766527,2016-10-03 23:40:32.141,19:40:32.141,0.008125699172033,8.12569917203312
1475538033.438,1.760591,2016-10-03 23:40:33.438,19:40:33.438,0.008098394664213,8.09839466421343
1475538034.736,1.820458,2016-10-03 23:40:34.736,19:40:34.736,0.008373771849126,8.37377184912603
1475538036.034,1.906172,2016-10-03 23:40:36.034,19:40:36.034,0.008768040478381,8.76804047838087
1475538037.649,1.94684,2016-10-03 23:40:37.649,19:40:37.649,0.008955105795768,8.95510579576817
1475538038.976,1.947701,2016-10-03 23:40:38.976,19:40:38.976,0.008959066237351,8.95906623735051
1475538040.276,1.968548,2016-10-03 23:40:40.276,19:40:40.276,0.009054958601656,9.05495860165593
1475538041.575,2.007054,2016-10-03 23:40:41.575,19:40:41.575,0.009232079116835,9.23207911683533
1475538042.873,2.036566,2016-10-03 23:40:42.873,19:40:42.873,0.009367828886845,9.36782888684453
1475538044.176,2.037189,2016-10-03 23:40:44.176,19:40:44.176,0.009370694572217,9.37069457221711
1475538045.473,2.033964,2016-10-03 23:40:45.473,19:40:45.473,0.009355860165593,9.35586016559338
1475538047.091,1.924546,2016-10-03 23:40:47.091,19:40:47.091,0.0088525574977,8.85255749770009
1475538048.421,1.833043,2016-10-03 23:40:48.421,19:40:48.421,0.008431660533579,8.43166053357866
1475538049.721,1.829159,2016-10-03 23:40:49.721,19:40:49.721,0.008413794848206,8.41379484820607
1475538051.018,1.83013,2016-10-03 23:40:51.018,19:40:51.018,0.008418261269549,8.41826126954922
1475538052.319,1.730567,2016-10-03 23:40:52.319,19:40:52.319,0.007960289788408,7.96028978840846
1475538053.616,1.590885,2016-10-03 23:40:53.616,19:40:53.616,0.007317778288868,7.31777828886845
1475538054.915,1.523563,2016-10-03 23:40:54.915,19:40:54.915,0.007008109475621,7.00810947562098
1475538056.214,1.524095,2016-10-03 23:40:56.214,19:40:56.214,0.007010556577737,7.01055657773689
1475538057.826,1.530616,2016-10-03 23:40:57.826,19:40:57.826,0.007040551977921,7.04055197792088
1475538059.156,1.541443,2016-10-03 23:40:59.156,19:40:59.156,0.007090354185833,7.09035418583257
1475538060.46,1.545601,2016-10-03 23:41:00.460,19:41:00.460,0.007109480220791,7.10948022079117
1475538061.757,1.541699,2016-10-03 23:41:01.757,19:41:01.757,0.00709153173873,7.09153173873045
1475538063.055,1.593725,2016-10-03 23:41:03.055,19:41:03.055,0.007330841766329,7.33084176632935
1475538064.353,1.810162,2016-10-03 23:41:04.353,19:41:04.353,0.008326412143514,8.32641214351426
1475538065.651,2.004453,2016-10-03 23:41:05.651,19:41:05.651,0.0092201149954,9.22011499540018
1475538067.273,2.014839,2016-10-03 23:41:07.273,19:41:07.273,0.009267888684453,9.26788868445262
1475538068.603,2.01156,2016-10-03 23:41:08.603,19:41:08.603,0.009252805887764,9.25280588776449
1475538069.901,1.908553,2016-10-03 23:41:09.901,19:41:09.901,0.008778992640294,8.77899264029439
1475538071.199,1.796954,2016-10-03 23:41:11.199,19:41:11.199,0.008265657773689,8.26565777368905
1475538072.498,1.768194,2016-10-03 23:41:12.498,19:41:12.498,0.008133367065317,8.13336706531739
1475538073.796,1.763779,2016-10-03 23:41:13.796,19:41:13.796,0.008113058877645,8.11305887764489
1475538075.096,1.806096,2016-10-03 23:41:15.096,19:41:15.096,0.008307709291628,8.30770929162834
1475538076.464,1.893843,2016-10-03 23:41:16.464,19:41:16.464,0.008711329346826,8.71132934682613
1475538078.008,1.946602,2016-10-03 23:41:18.008,19:41:18.008,0.008954011039558,8.95401103955842
1475538079.306,1.945759,2016-10-03 23:41:19.306,19:41:19.306,0.008950133394664,8.95013339466421
1475538080.604,1.959223,2016-10-03 23:41:20.604,19:41:20.604,0.009012065317387,9.0120653173873
1475538081.903,1.999561,2016-10-03 23:41:21.903,19:41:21.903,0.009197612695492,9.19761269549218
1475538083.2,2.03532,2016-10-03 23:41:23.200,19:41:23.200,0.009362097516099,9.36209751609936
1475538084.498,2.037866,2016-10-03 23:41:24.498,19:41:24.498,0.009373808647654,9.37380864765409
1475538085.796,2.038233,2016-10-03 23:41:25.796,19:41:25.796,0.009375496780129,9.37549678012879
1475538087.453,1.941582,2016-10-03 23:41:27.453,19:41:27.453,0.008930919963201,8.93091996320147
1475538088.783,1.846012,2016-10-03 23:41:28.783,19:41:28.783,0.008491315547378,8.4913155473781
1475538090.08,1.829049,2016-10-03 23:41:30.080,19:41:30.080,0.008413288868445,8.41328886844526
1475538091.378,1.830643,2016-10-03 23:41:31.378,19:41:31.378,0.008420620975161,8.42062097516099
1475538092.681,1.75473,2016-10-03 23:41:32.681,19:41:32.681,0.008071435142594,8.0714351425943
1475538093.978,1.614022,2016-10-03 23:41:33.978,19:41:33.978,0.007424204231831,7.42420423183073
1475538095.275,1.52316,2016-10-03 23:41:35.275,19:41:35.275,0.00700625574977,7.00625574977001
1475538096.638,1.522702,2016-10-03 23:41:36.638,19:41:36.638,0.007004149034039,7.00414903403864
1475538098.189,1.527282,2016-10-03 23:41:38.189,19:41:38.189,0.007025216191352,7.02521619135235
1475538099.486,1.537174,2016-10-03 23:41:39.486,19:41:39.486,0.007070717571297,7.07071757129715
1475538100.785,1.544832,2016-10-03 23:41:40.785,19:41:40.785,0.007105942962282,7.10594296228151
1475538102.085,1.540893,2016-10-03 23:41:42.085,19:41:42.085,0.007087824287029,7.08782428702852
1475538103.381,1.554962,2016-10-03 23:41:43.381,19:41:43.381,0.007152539098436,7.15253909843606
1475538104.678,1.765941,2016-10-03 23:41:44.678,19:41:44.678,0.008123003679853,8.12300367985281
1475538105.976,1.975124,2016-10-03 23:41:45.976,19:41:45.976,0.00908520699172,9.08520699172033
1475538107.633,2.014528,2016-10-03 23:41:47.633,19:41:47.633,0.009266458141674,9.26645814167433
1475538108.967,2.015884,2016-10-03 23:41:48.967,19:41:48.967,0.00927269549218,9.27269549218031
1475538110.266,1.928631,2016-10-03 23:41:50.266,19:41:50.266,0.00887134774609,8.87134774609016
1475538111.563,1.816794,2016-10-03 23:41:51.563,19:41:51.563,0.008356918123275,8.35691812327507
1475538112.863,1.767846,2016-10-03 23:41:52.863,19:41:52.863,0.008131766329347,8.13176632934683
1475538114.163,1.765703,2016-10-03 23:41:54.163,19:41:54.163,0.008121908923643,8.12190892364305
1475538115.46,1.795764,2016-10-03 23:41:55.460,19:41:55.460,0.00826018399264,8.26018399264029
1475538116.825,1.881002,2016-10-03 23:41:56.825,19:41:56.825,0.008652263109476,8.65226310947562
1475538118.368,1.945612,2016-10-03 23:41:58.368,19:41:58.368,0.008949457221711,8.94945722171113
1475538119.665,1.944861,2016-10-03 23:41:59.665,19:41:59.665,0.00894600275989,8.9460027598896
1475538120.963,1.95098,2016-10-03 23:42:00.963,19:42:00.963,0.008974149034039,8.97414903403864
1475538122.26,1.991886,2016-10-03 23:42:02.260,19:42:02.260,0.009162309107636,9.16230910763569
1475538123.558,2.031876,2016-10-03 23:42:03.558,19:42:03.558,0.00934625574977,9.34625574977001
1475538124.86,2.03706,2016-10-03 23:42:04.860,19:42:04.860,0.009370101195952,9.37010119595216
1475538126.16,2.038672,2016-10-03 23:42:06.160,19:42:06.160,0.009377516099356,9.37751609935603
1475538127.813,1.956256,2016-10-03 23:42:07.813,19:42:07.813,0.008998417663293,8.99841766329347
1475538129.145,1.860118,2016-10-03 23:42:09.145,19:42:09.145,0.008556200551978,8.55620055197792
1475538130.442,1.829416,2016-10-03 23:42:10.442,19:42:10.442,0.00841497700092,8.41497700091996
1475538131.739,1.830991,2016-10-03 23:42:11.739,19:42:11.739,0.008422221711132,8.42222171113156
1475538133.038,1.774898,2016-10-03 23:42:13.038,19:42:13.038,0.008164204231831,8.16420423183073
1475538134.335,1.632561,2016-10-03 23:42:14.335,19:42:14.335,0.007509480220791,7.50948022079117
1475538135.633,1.521658,2016-10-03 23:42:15.633,19:42:15.633,0.006999346826127,6.99934682612695
1475538136.998,1.522538,2016-10-03 23:42:16.998,19:42:16.998,0.007003394664213,7.00339466421343
1475538138.548,1.525157,2016-10-03 23:42:18.548,19:42:18.548,0.007015441582337,7.01544158233671
1475538139.846,1.533071,2016-10-03 23:42:19.846,19:42:19.846,0.007051844526219,7.05184452621895
1475538141.15,1.543879,2016-10-03 23:42:21.150,19:42:21.150,0.007101559337627,7.1015593376265
1475538142.45,1.540893,2016-10-03 23:42:22.450,19:42:22.450,0.007087824287029,7.08782428702852
1475538143.746,1.541736,2016-10-03 23:42:23.746,19:42:23.746,0.007091701931923,7.09170193192272
1475538145.045,1.736905,2016-10-03 23:42:25.045,19:42:25.045,0.007989443422263,7.98944342226311
1475538146.409,1.958527,2016-10-03 23:42:26.409,19:42:26.409,0.009008863845446,9.00886384544618
1475538147.993,2.014418,2016-10-03 23:42:27.993,19:42:27.993,0.009265952161914,9.26595216191352
1475538149.29,2.015884,2016-10-03 23:42:29.290,19:42:29.290,0.00927269549218,9.27269549218031
1475538150.588,1.94618,2016-10-03 23:42:30.588,19:42:30.588,0.008952069917203,8.95206991720331
1475538151.886,1.836871,2016-10-03 23:42:31.886,19:42:31.886,0.008449268629255,8.44926862925483
1475538153.184,1.770942,2016-10-03 23:42:33.184,19:42:33.184,0.008146007359706,8.14600735970561
1475538154.481,1.765812,2016-10-03 23:42:34.481,19:42:34.481,0.008122410303588,8.12241030358786
1475538155.781,1.785707,2016-10-03 23:42:35.781,19:42:35.781,0.008213923643054,8.21392364305428
1475538157.148,1.869919,2016-10-03 23:42:37.148,19:42:37.148,0.008601283348666,8.60128334866605
1475538158.729,1.944861,2016-10-03 23:42:38.729,19:42:38.729,0.00894600275989,8.9460027598896
1475538160.026,1.944587,2016-10-03 23:42:40.026,19:42:40.026,0.008944742410304,8.94474241030359
1475538161.324,1.946565,2016-10-03 23:42:41.324,19:42:41.324,0.008953840846366,8.95384084636615
1475538162.624,1.985694,2016-10-03 23:42:42.624,19:42:42.624,0.009133827046918,9.13382704691812
1475538163.921,2.026326,2016-10-03 23:42:43.921,19:42:43.921,0.009320726770929,9.32072677092916
1475538165.22,2.037811,2016-10-03 23:42:45.220,19:42:45.220,0.009373555657774,9.37355565777369
1475538166.581,2.038636,2016-10-03 23:42:46.581,19:42:46.581,0.00937735050598,9.37735050597976
1475538168.175,1.970032,2016-10-03 23:42:48.175,19:42:48.175,0.009061784728611,9.06178472861086
1475538169.471,1.876385,2016-10-03 23:42:49.471,19:42:49.471,0.00863102575897,8.63102575896964
1475538170.77,1.829984,2016-10-03 23:42:50.770,19:42:50.770,0.008417589696412,8.41758969641214
1475538172.068,1.830789,2016-10-03 23:42:52.068,19:42:52.068,0.008421292548298,8.42129254829807
1475538173.37,1.798567,2016-10-03 23:42:53.370,19:42:53.370,0.008273077276909,8.27307727690892
1475538174.668,1.65469,2016-10-03 23:42:54.668,19:42:54.668,0.007611269549218,7.61126954921803
1475538175.966,1.525652,2016-10-03 23:42:55.966,19:42:55.966,0.00701771849126,7.01771849126035
1475538177.385,1.522318,2016-10-03 23:42:57.385,19:42:57.385,0.007002382704692,7.00238270469181
1475538178.903,1.524809,2016-10-03 23:42:58.903,19:42:58.903,0.007013840846366,7.01384084636614
1475538180.198,1.530451,2016-10-03 23:43:00.198,19:43:00.198,0.00703979300828,7.03979300827967
1475538181.496,1.540948,2016-10-03 23:43:01.496,19:43:01.496,0.007088077276909,7.08807727690892
1475538182.796,1.540014,2016-10-03 23:43:02.796,19:43:02.796,0.007083781048758,7.08378104875805
1475538184.094,1.53864,2016-10-03 23:43:04.094,19:43:04.094,0.007077460901564,7.07746090156394
1475538185.393,1.702612,2016-10-03 23:43:05.393,19:43:05.393,0.007831701931923,7.83170193192272
1475538186.795,1.92962,2016-10-03 23:43:06.795,19:43:06.795,0.008875896964121,8.87589696412143
1475538188.347,2.013081,2016-10-03 23:43:08.347,19:43:08.347,0.009259802207912,9.25980220791168
1475538189.643,2.01592,2016-10-03 23:43:09.643,19:43:09.643,0.009272861085557,9.27286108555658
1475538190.943,1.963418,2016-10-03 23:43:10.943,19:43:10.943,0.009031361545538,9.03136154553818
1475538192.24,1.857847,2016-10-03 23:43:12.240,19:43:12.240,0.008545754369825,8.54575436982521
1475538193.538,1.774862,2016-10-03 23:43:13.538,19:43:13.538,0.008164038638454,8.16403863845446
1475538194.838,1.767626,2016-10-03 23:43:14.838,19:43:14.838,0.008130754369825,8.13075436982521
1475538196.138,1.773415,2016-10-03 23:43:16.138,19:43:16.138,0.008157382704692,8.15738270469181
1475538197.519,1.860301,2016-10-03 23:43:17.519,19:43:17.519,0.008557042318307,8.55704231830727
1475538199.081,1.946693,2016-10-03 23:43:19.081,19:43:19.081,0.008954429622815,8.95442962281509
1475538200.378,1.943909,2016-10-03 23:43:20.378,19:43:20.378,0.008941623735051,8.9416237350506
1475538201.676,1.94433,2016-10-03 23:43:21.676,19:43:21.676,0.00894356025759,8.9435602575897
1475538202.975,1.977725,2016-10-03 23:43:22.975,19:43:22.975,0.009097171113155,9.09717111315547
1475538204.276,2.018155,2016-10-03 23:43:24.276,19:43:24.276,0.009283141674333,9.28314167433303
1475538205.575,2.036914,2016-10-03 23:43:25.575,19:43:25.575,0.009369429622815,9.36942962281509
1475538206.958,2.038672,2016-10-03 23:43:26.958,19:43:26.958,0.009377516099356,9.37751609935603
1475538208.575,1.982873,2016-10-03 23:43:28.575,19:43:28.575,0.009120850965961,9.12085096596136
1475538209.871,1.891114,2016-10-03 23:43:29.871,19:43:29.871,0.008698776448942,8.69877644894204
1475538211.171,1.831357,2016-10-03 23:43:31.171,19:43:31.171,0.00842390524379,8.42390524379025
1475538212.468,1.830973,2016-10-03 23:43:32.468,19:43:32.468,0.008422138914443,8.42213891444342
1475538213.766,1.817215,2016-10-03 23:43:33.766,19:43:33.766,0.008358854645814,8.35885464581417
1475538215.045,1.676252,2016-10-03 23:43:35.045,19:43:35.045,0.007710450781969,7.71045078196872
1475538216.424,1.53221,2016-10-03 23:43:36.424,19:43:36.424,0.007047884084637,7.04788408463662
1475538217.753,1.521054,2016-10-03 23:43:37.753,19:43:37.753,0.006996568537259,6.99656853725851
1475538219.308,1.52349,2016-10-03 23:43:39.308,19:43:39.308,0.007007773689052,7.00777368905244
1475538220.61,1.528674,2016-10-03 23:43:40.610,19:43:40.610,0.007031619135235,7.03161913523459
1475538221.908,1.537229,2016-10-03 23:43:41.908,19:43:41.908,0.007070970561178,7.07097056117755
1475538223.208,1.537431,2016-10-03 23:43:43.208,19:43:43.208,0.007071899724011,7.07189972401104
1475538224.505,1.538127,2016-10-03 23:43:44.505,19:43:44.505,0.007075101195952,7.07510119595216
1475538225.804,1.673485,2016-10-03 23:43:45.804,19:43:45.804,0.007697723091076,7.69772309107636
1475538227.185,1.896701,2016-10-03 23:43:47.185,19:43:47.185,0.008724475620975,8.72447562097516
1475538228.755,2.010644,2016-10-03 23:43:48.755,19:43:48.755,0.009248592456302,9.24859245630175
1475538230.053,2.014895,2016-10-03 23:43:50.053,19:43:50.053,0.009268146274149,9.26814627414903
1475538231.351,1.977432,2016-10-03 23:43:51.351,19:43:51.351,0.009095823367065,9.09582336706532
1475538232.648,1.87208,2016-10-03 23:43:52.648,19:43:52.648,0.008611223551058,8.61122355105796
1475538233.946,1.778306,2016-10-03 23:43:53.946,19:43:53.946,0.008179880404784,8.17988040478381
1475538235.245,1.770777,2016-10-03 23:43:55.245,19:43:55.245,0.008145248390064,8.1452483900644
1475538236.642,1.770319,2016-10-03 23:43:56.642,19:43:56.642,0.008143141674333,8.14314167433303
1475538237.971,1.852223,2016-10-03 23:43:57.971,19:43:57.971,0.0085198850046,8.51988500459981
1475538239.49,1.945228,2016-10-03 23:43:59.490,19:43:59.490,0.008947690892364,8.94769089236431
1475538240.781,1.946217,2016-10-03 23:44:00.781,19:44:00.781,0.008952240110396,8.95224011039558
1475538242.079,1.94378,2016-10-03 23:44:02.079,19:44:02.079,0.008941030358786,8.94103035878565
1475538243.376,1.972743,2016-10-03 23:44:03.376,19:44:03.376,0.009074254829807,9.07425482980681
1475538244.675,2.01244,2016-10-03 23:44:04.675,19:44:04.675,0.009256853725851,9.25685372585096
1475538245.973,2.035888,2016-10-03 23:44:05.973,19:44:05.973,0.009364710211592,9.36471021159154
1475538247.358,2.038434,2016-10-03 23:44:07.358,19:44:07.358,0.009376421343146,9.37642134314627
1475538248.928,1.997546,2016-10-03 23:44:08.928,19:44:08.928,0.009188344066237,9.18834406623735
1475538250.225,1.906062,2016-10-03 23:44:10.225,19:44:10.225,0.00876753449862,8.76753449862006
1475538251.524,1.833483,2016-10-03 23:44:11.524,19:44:11.524,0.008433684452622,8.4336844526219
1475538252.828,1.833024,2016-10-03 23:44:12.828,19:44:12.828,0.008431573137075,8.43157313707452
1475538254.126,1.828353,2016-10-03 23:44:14.126,19:44:14.126,0.008410087396504,8.41008739650414
1475538255.424,1.697117,2016-10-03 23:44:15.424,19:44:15.424,0.007806425942962,7.80642594296228
1475538256.81,1.546206,2016-10-03 23:44:16.810,19:44:16.810,0.007112263109476,7.11226310947562
1475538258.138,1.519936,2016-10-03 23:44:18.138,19:44:18.138,0.006991425942962,6.99142594296228
1475538259.664,1.521512,2016-10-03 23:44:19.664,19:44:19.664,0.00699867525299,6.99867525298988
1475538260.96,1.52741,2016-10-03 23:44:20.960,19:44:20.960,0.007025804967801,7.02580496780129
1475538262.258,1.534665,2016-10-03 23:44:22.258,19:44:22.258,0.007059176632935,7.05917663293468
1475538263.556,1.53439,2016-10-03 23:44:23.556,19:44:23.556,0.007057911683533,7.05791168353266
1475538264.854,1.534884,2016-10-03 23:44:24.854,19:44:24.854,0.00706018399264,7.06018399264029
1475538266.153,1.640585,2016-10-03 23:44:26.153,19:44:26.153,0.007546389144434,7.54638914443422
1475538267.536,1.866163,2016-10-03 23:44:27.536,19:44:27.536,0.008584006439742,8.58400643974241
1475538269.106,2.007567,2016-10-03 23:44:29.106,19:44:29.106,0.009234438822447,9.2344388224471
1475538270.403,2.012037,2016-10-03 23:44:30.403,19:44:30.403,0.009255,9.255
1475538271.703,1.991116,2016-10-03 23:44:31.703,19:44:31.703,0.00915876724931,9.15876724931003
1475538273.002,1.887047,2016-10-03 23:44:33.002,19:44:33.002,0.00868006899724,8.68006899724011
1475538274.3,1.784681,2016-10-03 23:44:34.300,19:44:34.300,0.008209204231831,8.20920423183073
1475538275.598,1.774386,2016-10-03 23:44:35.598,19:44:35.598,0.008161849126035,8.16184912603496
1475538276.98,1.768542,2016-10-03 23:44:36.980,19:44:36.980,0.008134967801288,8.13496780128795
1475538278.308,1.839528,2016-10-03 23:44:38.308,19:44:38.308,0.008461490340386,8.46149034038638
1475538279.843,1.937845,2016-10-03 23:44:39.843,19:44:39.843,0.008913730450782,8.91373045078197
1475538281.14,1.948782,2016-10-03 23:44:41.140,19:44:41.140,0.008964038638454,8.96403863845446
1475538282.438,1.946125,2016-10-03 23:44:42.438,19:44:42.438,0.008951816927323,8.95181692732291
1475538283.738,1.967723,2016-10-03 23:44:43.738,19:44:43.738,0.00905116375345,9.05116375344986
1475538285.039,2.00731,2016-10-03 23:44:45.039,19:44:45.039,0.009233256669733,9.23325666973321
1475538286.34,2.035375,2016-10-03 23:44:46.340,19:44:46.340,0.00936235050598,9.36235050597976
1475538287.724,2.037262,2016-10-03 23:44:47.724,19:44:47.724,0.009371030358786,9.37103035878565
1475538289.286,2.009472,2016-10-03 23:44:49.286,19:44:49.286,0.009243201471941,9.24320147194112
1475538290.581,1.918812,2016-10-03 23:44:50.581,19:44:50.581,0.008826182152714,8.82618215271389
1475538291.881,1.836102,2016-10-03 23:44:51.881,19:44:51.881,0.008445731370745,8.44573137074517
1475538293.179,1.834747,2016-10-03 23:44:53.179,19:44:53.179,0.008439498620055,8.4394986200552
1475538294.478,1.833006,2016-10-03 23:44:54.478,19:44:54.478,0.008431490340386,8.43149034038638
1475538295.778,1.717267,2016-10-03 23:44:55.778,19:44:55.778,0.007899112235511,7.89911223551058
1475538297.158,1.566796,2016-10-03 23:44:57.158,19:44:57.158,0.007206973321067,7.20697332106716
1475538298.486,1.519277,2016-10-03 23:44:58.486,19:44:58.486,0.006988394664213,6.98839466421343
1475538300.02,1.520449,2016-10-03 23:45:00.020,19:45:00.020,0.006993785648574,6.99378564857406
1475538301.321,1.526586,2016-10-03 23:45:01.321,19:45:01.321,0.007022014719411,7.02201471941122
1475538302.618,1.533657,2016-10-03 23:45:02.618,19:45:02.618,0.007054540018399,7.05454001839926
1475538303.913,1.53417,2016-10-03 23:45:03.913,19:45:03.913,0.007056899724011,7.05689972401104
1475538305.21,1.532466,2016-10-03 23:45:05.210,19:45:05.210,0.007049061637535,7.0490616375345
1475538306.59,1.622009,2016-10-03 23:45:06.590,19:45:06.590,0.007460942962282,7.46094296228151
1475538307.918,1.841854,2016-10-03 23:45:07.918,19:45:07.918,0.00847218951242,8.4721895124195
1475538309.458,2.007805,2016-10-03 23:45:09.458,19:45:09.458,0.009235533578657,9.23553357865685
1475538310.755,2.009417,2016-10-03 23:45:10.755,19:45:10.755,0.009242948482061,9.24294848206072
1475538312.051,2.001778,2016-10-03 23:45:12.051,19:45:12.051,0.009207810487581,9.2078104875805
1475538313.348,1.901922,2016-10-03 23:45:13.348,19:45:13.348,0.00874849126035,8.74849126034959
1475538314.644,1.795123,2016-10-03 23:45:14.644,19:45:14.644,0.00825723551058,8.25723551057958
1475538315.941,1.778031,2016-10-03 23:45:15.941,19:45:15.941,0.008178615455382,8.17861545538178
1475538317.34,1.771968,2016-10-03 23:45:17.340,19:45:17.340,0.008150726770929,8.15072677092916
1475538318.669,1.82969,2016-10-03 23:45:18.669,19:45:18.669,0.008416237350506,8.41623735050598
1475538320.19,1.926433,2016-10-03 23:45:20.190,19:45:20.190,0.008861237350506,8.86123735050598
1475538321.485,1.949826,2016-10-03 23:45:21.485,19:45:21.485,0.008968840846366,8.96884084636614
1475538322.783,1.948782,2016-10-03 23:45:22.783,19:45:22.783,0.008964038638454,8.96403863845446
1475538324.081,1.964334,2016-10-03 23:45:24.081,19:45:24.081,0.009035574977001,9.03557497700092
1475538325.38,2.001723,2016-10-03 23:45:25.380,19:45:25.380,0.0092075574977,9.20755749770009
1475538326.764,2.03554,2016-10-03 23:45:26.764,19:45:26.764,0.009363109475621,9.36310947562098
1475538328.093,2.03684,2016-10-03 23:45:28.093,19:45:28.093,0.009369089236431,9.36908923643054
1475538329.633,2.021288,2016-10-03 23:45:29.633,19:45:29.633,0.009297552897884,9.29755289788409
1475538330.93,1.93114,2016-10-03 23:45:30.930,19:45:30.930,0.008882888684453,8.88288868445262
1475538332.23,1.842935,2016-10-03 23:45:32.230,19:45:32.230,0.008477161913523,8.47716191352346
1475538333.531,1.835937,2016-10-03 23:45:33.531,19:45:33.531,0.008444972401104,8.44497240110396
1475538334.83,1.834673,2016-10-03 23:45:34.830,19:45:34.830,0.008439158233671,8.43915823367065
1475538336.129,1.738701,2016-10-03 23:45:36.129,19:45:36.129,0.007997704691812,7.99770469181233
1475538337.51,1.586067,2016-10-03 23:45:37.510,19:45:37.510,0.007295616375345,7.29561637534499
1475538338.836,1.519552,2016-10-03 23:45:38.836,19:45:38.836,0.006989659613615,6.98965961361546
1475538340.365,1.519918,2016-10-03 23:45:40.365,19:45:40.365,0.006991343146274,6.99134314627415
1475538341.661,1.525102,2016-10-03 23:45:41.661,19:45:41.661,0.007015188592456,7.0151885924563
1475538342.96,1.532008,2016-10-03 23:45:42.960,19:45:42.960,0.007046954921803,7.04695492180313
1475538344.258,1.534188,2016-10-03 23:45:44.258,19:45:44.258,0.007056982520699,7.05698252069917
1475538345.555,1.530598,2016-10-03 23:45:45.555,19:45:45.555,0.007040469181233,7.04046918123275
1475538346.938,1.587112,2016-10-03 23:45:46.938,19:45:46.938,0.007300423183073,7.30042318307268
1475538348.27,1.809814,2016-10-03 23:45:48.270,19:45:48.270,0.008324811407544,8.3248114075437
1475538349.808,2.007842,2016-10-03 23:45:49.808,19:45:49.808,0.009235703771849,9.23570377184913
1475538351.105,2.008886,2016-10-03 23:45:51.105,19:45:51.105,0.009240505979761,9.24050597976081
1475538352.403,2.007054,2016-10-03 23:45:52.403,19:45:52.403,0.009232079116835,9.23207911683533
1475538353.7,1.915166,2016-10-03 23:45:53.700,19:45:53.700,0.008809411223551,8.80941122355106
1475538354.998,1.810382,2016-10-03 23:45:54.998,19:45:54.998,0.008327424103036,8.32742410303588
1475538356.296,1.778343,2016-10-03 23:45:56.296,19:45:56.296,0.008180050597976,8.18005059797608
1475538357.678,1.775466,2016-10-03 23:45:57.678,19:45:57.678,0.008166816927323,8.16681692732291
1475538359.007,1.819249,2016-10-03 23:45:59.007,19:45:59.007,0.008368210671573,8.36821067157314
1475538360.543,1.913041,2016-10-03 23:46:00.543,19:46:00.543,0.008799636614535,8.79963661453542
1475538361.841,1.949514,2016-10-03 23:46:01.841,19:46:01.841,0.008967405703772,8.96740570377185
1475538363.139,1.94858,2016-10-03 23:46:03.139,19:46:03.139,0.008963109475621,8.96310947562098
1475538364.442,1.960139,2016-10-03 23:46:04.442,19:46:04.442,0.00901627874885,9.01627874885005
1475538365.695,1.99663,2016-10-03 23:46:05.695,19:46:05.695,0.009184130634775,9.18413063477461
1475538367.071,2.034148,2016-10-03 23:46:07.071,19:46:07.071,0.009356706531739,9.35670653173873
1475538368.401,2.03695,2016-10-03 23:46:08.401,19:46:08.401,0.009369595216191,9.36959521619135
1475538369.99,2.030869,2016-10-03 23:46:09.990,19:46:09.990,0.009341623735051,9.3416237350506
1475538371.288,1.944587,2016-10-03 23:46:11.288,19:46:11.288,0.008944742410304,8.94474241030359
1475538372.586,1.855575,2016-10-03 23:46:12.586,19:46:12.586,0.008535303587856,8.53530358785648
1475538373.883,1.835791,2016-10-03 23:46:13.883,19:46:13.883,0.008444300827967,8.44430082796688
1475538375.181,1.836047,2016-10-03 23:46:15.181,19:46:15.181,0.008445478380865,8.44547838086477
1475538376.548,1.756946,2016-10-03 23:46:16.548,19:46:16.548,0.008081628334867,8.08162833486661
1475538377.876,1.609039,2016-10-03 23:46:17.876,19:46:17.876,0.007401283348666,7.40128334866605
1475538379.176,1.519845,2016-10-03 23:46:19.176,19:46:19.176,0.006991007359706,6.99100735970561
1475538380.725,1.518984,2016-10-03 23:46:20.725,19:46:20.725,0.006987046918123,6.98704691812328
1475538382.021,1.523692,2016-10-03 23:46:22.021,19:46:22.021,0.007008702851886,7.00870285188593
1475538383.318,1.53014,2016-10-03 23:46:23.318,19:46:23.318,0.007038362465501,7.03836246550138
1475538384.616,1.534884,2016-10-03 23:46:24.616,19:46:24.616,0.00706018399264,7.06018399264029
1475538385.915,1.530873,2016-10-03 23:46:25.915,19:46:25.915,0.007041734130635,7.04173413063477
1475538387.292,1.552544,2016-10-03 23:46:27.292,19:46:27.292,0.00714141674333,7.14141674333027
1475538388.621,1.771803,2016-10-03 23:46:28.621,19:46:28.621,0.008149967801288,8.14996780128795
1475538390.171,2.003427,2016-10-03 23:46:30.171,19:46:30.171,0.009215395584177,9.21539558417663
1475538391.468,2.009197,2016-10-03 23:46:31.468,19:46:31.468,0.009241936522539,9.2419365225391
1475538392.768,2.008977,2016-10-03 23:46:32.768,19:46:32.768,0.009240924563017,9.24092456301748
1475538394.066,1.928997,2016-10-03 23:46:34.066,19:46:34.066,0.008873031278749,8.87303127874885
1475538395.365,1.824689,2016-10-03 23:46:35.365,19:46:35.365,0.008393233670653,8.39323367065317
1475538396.74,1.778196,2016-10-03 23:46:36.740,19:46:36.740,0.008179374425023,8.179374425023
1475538398.069,1.777555,2016-10-03 23:46:38.069,19:46:38.069,0.008176425942962,8.17642594296228
1475538399.366,1.809906,2016-10-03 23:46:39.366,19:46:39.366,0.008325234590616,8.32523459061638
1475538400.903,1.901977,2016-10-03 23:46:40.903,19:46:40.903,0.00874874425023,8.74874425022999
1475538402.201,1.949551,2016-10-03 23:46:42.201,19:46:42.201,0.008967575896964,8.96757589696412
1475538403.498,1.94803,2016-10-03 23:46:43.498,19:46:43.498,0.008960579576817,8.96057957681693
1475538404.796,1.954002,2016-10-03 23:46:44.796,19:46:44.796,0.008988049678013,8.98804967801288
1475538406.095,1.994029,2016-10-03 23:46:46.095,19:46:46.095,0.009172166513339,9.17216651333947
1475538407.453,2.034569,2016-10-03 23:46:47.453,19:46:47.453,0.009358643054278,9.35864305427783
1475538408.78,2.037372,2016-10-03 23:46:48.780,19:46:48.780,0.009371536338546,9.37153633854646
1475538410.35,2.036859,2016-10-03 23:46:50.350,19:46:50.350,0.009369176632935,9.36917663293468
1475538411.646,1.958527,2016-10-03 23:46:51.646,19:46:51.646,0.009008863845446,9.00886384544618
1475538412.95,1.868801,2016-10-03 23:46:52.950,19:46:52.950,0.00859614075437,8.59614075436982
1475538414.248,1.835699,2016-10-03 23:46:54.248,19:46:54.248,0.008443877644894,8.4438776448942
1475538415.545,1.836358,2016-10-03 23:46:55.545,19:46:55.545,0.008446908923643,8.44690892364305
1475538416.908,1.781182,2016-10-03 23:46:56.908,19:46:56.908,0.008193109475621,8.19310947562097
1475538418.236,1.63333,2016-10-03 23:46:58.236,19:46:58.236,0.007513017479301,7.51301747930083
1475538419.533,1.520779,2016-10-03 23:46:59.533,19:46:59.533,0.006995303587856,6.99530358785649
1475538421.084,1.51891,2016-10-03 23:47:01.084,19:47:01.084,0.006986706531739,6.98670653173873
1475538422.381,1.521548,2016-10-03 23:47:02.381,19:47:02.381,0.006998840846366,6.99884084636615
1475538423.68,1.52763,2016-10-03 23:47:03.680,19:47:03.680,0.007026816927323,7.02681692732291
1475538424.979,1.535288,2016-10-03 23:47:04.979,19:47:04.979,0.007062042318307,7.06204231830727
1475538426.276,1.530854,2016-10-03 23:47:06.276,19:47:06.276,0.007041646734131,7.04164673413063
1475538427.638,1.533804,2016-10-03 23:47:07.638,19:47:07.638,0.007055216191352,7.05521619135235
1475538428.971,1.734689,2016-10-03 23:47:08.971,19:47:08.971,0.007979250229991,7.9792502299908
1475538430.528,1.984632,2016-10-03 23:47:10.528,19:47:10.528,0.009128942042318,9.12894204231831
1475538431.827,2.008373,2016-10-03 23:47:11.827,19:47:11.827,0.009238146274149,9.23814627414903
1475538433.126,2.008977,2016-10-03 23:47:13.126,19:47:13.126,0.009240924563017,9.24092456301748
1475538434.423,1.944568,2016-10-03 23:47:14.423,19:47:14.423,0.008944655013799,8.94465501379945
1475538435.696,1.840499,2016-10-03 23:47:15.696,19:47:15.696,0.00846595676173,8.46595676172953
1475538437.058,1.775595,2016-10-03 23:47:17.058,19:47:17.058,0.008167410303588,8.16741030358786
1475538438.388,1.777079,2016-10-03 23:47:18.388,19:47:18.388,0.008174236430543,8.17423643054278
1475538439.683,1.797779,2016-10-03 23:47:19.683,19:47:19.683,0.008269452621895,8.26945262189512
1475538441.259,1.892543,2016-10-03 23:47:21.259,19:47:21.259,0.008705349586017,8.70534958601656
1475538442.555,1.950192,2016-10-03 23:47:22.555,19:47:22.555,0.008970524379025,8.97052437902484
1475538443.851,1.948415,2016-10-03 23:47:23.851,19:47:23.851,0.00896235050598,8.96235050597976
1475538445.154,1.949936,2016-10-03 23:47:25.154,19:47:25.154,0.008969346826127,8.96934682612696
1475538446.511,1.990604,2016-10-03 23:47:26.511,19:47:26.511,0.009156412143514,9.15641214351426
1475538447.836,2.032536,2016-10-03 23:47:27.836,19:47:27.836,0.009349291628335,9.34929162833487
1475538449.13,2.03957,2016-10-03 23:47:29.130,19:47:29.130,0.009381646734131,9.38164673413063
1475538450.683,2.036804,2016-10-03 23:47:30.683,19:47:30.683,0.009368923643054,9.36892364305428
1475538451.978,1.971735,2016-10-03 23:47:31.978,19:47:31.978,0.009069618215271,9.06961821527139
1475538453.277,1.88113,2016-10-03 23:47:33.277,19:47:33.277,0.008652851885925,8.65285188592456
1475538454.573,1.833922,2016-10-03 23:47:34.573,19:47:34.573,0.008435703771849,8.43570377184913
1475538455.868,1.836102,2016-10-03 23:47:35.868,19:47:35.868,0.008445731370745,8.44573137074517
1475538457.231,1.802139,2016-10-03 23:47:37.231,19:47:37.231,0.008289507819687,8.28950781968721
1475538458.558,1.654214,2016-10-03 23:47:38.558,19:47:38.558,0.007609080036799,7.60908003679853
1475538459.853,1.525267,2016-10-03 23:47:39.853,19:47:39.853,0.007015947562098,7.01594756209752
1475538461.401,1.519295,2016-10-03 23:47:41.401,19:47:41.401,0.006988477460902,6.98847746090156
1475538462.695,1.520174,2016-10-03 23:47:42.695,19:47:42.695,0.006992520699172,6.99252069917203
1475538463.991,1.524809,2016-10-03 23:47:43.991,19:47:43.991,0.007013840846366,7.01384084636614
1475538465.285,1.533694,2016-10-03 23:47:45.285,19:47:45.285,0.007054710211592,7.05471021159154
1475538466.643,1.531679,2016-10-03 23:47:46.643,19:47:46.643,0.007045441582337,7.04544158233671
1475538467.973,1.530433,2016-10-03 23:47:47.973,19:47:47.973,0.007039710211592,7.03971021159154
1475538469.271,1.705177,2016-10-03 23:47:49.271,19:47:49.271,0.007843500459982,7.8435004599816
1475538470.835,1.95937,2016-10-03 23:47:50.835,19:47:50.835,0.00901274149034,9.01274149034039
1475538472.13,2.006101,2016-10-03 23:47:52.130,19:47:52.130,0.00922769549218,9.22769549218031
1475538473.427,2.00797,2016-10-03 23:47:53.427,19:47:53.427,0.009236292548298,9.23629254829807
1475538474.723,1.95719,2016-10-03 23:47:54.723,19:47:54.723,0.009002713891444,9.00271389144434
1475538476.02,1.850721,2016-10-03 23:47:56.020,19:47:56.020,0.008512976080957,8.51297608095676
1475538477.383,1.772645,2016-10-03 23:47:57.383,19:47:57.383,0.008153840846366,8.15384084636614
1475538478.705,1.774679,2016-10-03 23:47:58.705,19:47:58.705,0.008163196872125,8.16319687212511
1475538480.001,1.789572,2016-10-03 23:48:00.001,19:48:00.001,0.008231701931923,8.23170193192272
1475538481.55,1.886186,2016-10-03 23:48:01.550,19:48:01.550,0.008676108555658,8.67610855565777
1475538482.846,1.953508,2016-10-03 23:48:02.846,19:48:02.846,0.008985777368905,8.98577736890524
1475538484.142,1.948635,2016-10-03 23:48:04.142,19:48:04.142,0.008963362465501,8.96336246550138
1475538485.438,1.948562,2016-10-03 23:48:05.438,19:48:05.438,0.008963026678933,8.96302667893284
1475538486.799,1.984339,2016-10-03 23:48:06.799,19:48:06.799,0.009127594296228,9.12759429622815
1475538488.125,2.028377,2016-10-03 23:48:08.125,19:48:08.125,0.00933016099356,9.33016099356026
1475538489.413,2.042922,2016-10-03 23:48:09.413,19:48:09.413,0.009397065317387,9.3970653173873
1475538490.971,2.038856,2016-10-03 23:48:10.971,19:48:10.971,0.009378362465501,9.37836246550138
1475538492.266,1.983844,2016-10-03 23:48:12.266,19:48:12.266,0.009125317387305,9.12531738730451
1475538493.568,1.893074,2016-10-03 23:48:13.568,19:48:13.568,0.008707792088316,8.70779208831647
1475538494.861,1.83286,2016-10-03 23:48:14.861,19:48:14.861,0.008430818767249,8.43081876724931
1475538496.158,1.834435,2016-10-03 23:48:16.158,19:48:16.158,0.008438063477461,8.4380634774609
1475538497.518,1.818937,2016-10-03 23:48:17.518,19:48:17.518,0.008366775528979,8.36677552897884
1475538498.844,1.673192,2016-10-03 23:48:18.844,19:48:18.844,0.007696375344986,7.6963753449862
1475538500.139,1.535526,2016-10-03 23:48:20.139,19:48:20.139,0.007063137074517,7.06313707451702
1475538501.733,1.520926,2016-10-03 23:48:21.733,19:48:21.733,0.00699597976081,6.99597976080957
1475538503.028,1.520321,2016-10-03 23:48:23.028,19:48:23.028,0.006993196872125,6.99319687212512
1475538504.325,1.523435,2016-10-03 23:48:24.325,19:48:24.325,0.007007520699172,7.00752069917203
1475538505.62,1.531477,2016-10-03 23:48:25.620,19:48:25.620,0.007044512419503,7.04451241950322
1475538506.979,1.531239,2016-10-03 23:48:26.979,19:48:26.979,0.007043417663293,7.04341766329347
1475538508.306,1.531459,2016-10-03 23:48:28.306,19:48:28.306,0.007044429622815,7.04442962281509
1475538509.608,1.684458,2016-10-03 23:48:29.608,19:48:29.608,0.007748196872125,7.74819687212512
1475538511.211,1.944989,2016-10-03 23:48:31.211,19:48:31.211,0.008946591536339,8.94659153633855
1475538512.505,2.004013,2016-10-03 23:48:32.505,19:48:32.505,0.009218091076357,9.21809107635695
1475538513.801,2.006889,2016-10-03 23:48:33.801,19:48:33.801,0.009231320147194,9.23132014719411
1475538515.05,1.964719,2016-10-03 23:48:35.050,19:48:35.050,0.009037345906164,9.03734590616375
1475538516.408,1.857224,2016-10-03 23:48:36.408,19:48:36.408,0.008542888684453,8.54288868445262
1475538517.736,1.771748,2016-10-03 23:48:37.736,19:48:37.736,0.008149714811408,8.14971481140755
1475538519.035,1.772059,2016-10-03 23:48:39.035,19:48:39.035,0.008151145354186,8.15114535418583
1475538520.328,1.780303,2016-10-03 23:48:40.328,19:48:40.328,0.008189066237351,8.18906623735051
1475538521.471,1.852735,2016-10-03 23:48:41.471,19:48:41.471,0.008522240110396,8.52224011039558
1475538522.766,1.93332,2016-10-03 23:48:42.766,19:48:42.766,0.008892916283349,8.89291628334867
1475538524.066,1.953233,2016-10-03 23:48:44.066,19:48:44.066,0.008984512419503,8.98451241950322
1475538525.363,1.948507,2016-10-03 23:48:45.363,19:48:45.363,0.008962773689052,8.96277368905244
1475538526.723,1.967119,2016-10-03 23:48:46.723,19:48:46.723,0.009048385464581,9.04838546458142
1475538528.052,2.008977,2016-10-03 23:48:48.052,19:48:48.052,0.009240924563017,9.24092456301748
1475538529.348,2.042758,2016-10-03 23:48:49.348,19:48:49.348,0.009396310947562,9.3963109475621
1475538530.644,2.044205,2016-10-03 23:48:50.644,19:48:50.644,0.009402966881325,9.40296688132475
1475538532.198,2.025538,2016-10-03 23:48:52.198,19:48:52.198,0.009317102115915,9.31710211591536
1475538533.491,1.933082,2016-10-03 23:48:53.491,19:48:53.491,0.008891821527139,8.89182152713891
1475538534.788,1.843356,2016-10-03 23:48:54.788,19:48:54.788,0.008479098436063,8.47909843606256
1475538536.086,1.833043,2016-10-03 23:48:56.086,19:48:56.086,0.008431660533579,8.43166053357866
1475538537.449,1.83372,2016-10-03 23:48:57.449,19:48:57.449,0.008434774609016,8.43477460901564
1475538538.47,1.768725,2016-10-03 23:48:58.470,19:48:58.470,0.008135809567617,8.13580956761729
1475538539.771,1.626552,2016-10-03 23:48:59.771,19:48:59.771,0.007481839926403,7.48183992640294
1475538541.071,1.52382,2016-10-03 23:49:01.071,19:49:01.071,0.007009291628335,7.00929162833487
1475538542.37,1.521457,2016-10-03 23:49:02.370,19:49:02.370,0.006998422263109,6.99842226310948
1475538543.666,1.521219,2016-10-03 23:49:03.666,19:49:03.666,0.0069973275069,6.99732750689972
1475538544.965,1.522739,2016-10-03 23:49:04.965,19:49:04.965,0.007004319227231,7.00431922723091
