"UTC TIME SEC  ","CH2 VOLT DC  ","Converted UTC Time","Converted Local Time","Converted Amps","mA"
1475544487.639,1.374686,2016-10-04 01:28:07.639,21:28:08,0.012600238313474,12.6002383134739
1475544488.373,1.373825,2016-10-04 01:28:08.373,21:28:08,0.012592346471127,12.5923464711274
1475544489.696,1.333505,2016-10-04 01:28:09.696,21:28:10,0.012222777268561,12.222777268561
1475544490.986,1.262904,2016-10-04 01:28:10.986,21:28:11,0.011575655362053,11.5756553620532
1475544492.466,1.218261,2016-10-04 01:28:12.466,21:28:12,0.011166461961503,11.1664619615032,,,,
1475544493.815,1.217107,2016-10-04 01:28:13.815,21:28:14,0.011155884509624,11.1558845096242,,,,
1475544495.106,1.224013,2016-10-04 01:28:15.106,21:28:15,0.011219184234647,11.2191842346471,,,,
1475544496.395,1.241434,2016-10-04 01:28:16.395,21:28:16,0.011378863428048,11.3788634280477,,,,
1475544497.75,1.265945,2016-10-04 01:28:17.750,21:28:18,0.011603528872594,11.603528872594,,,,
1475544499.075,1.257701,2016-10-04 01:28:19.075,21:28:19,0.011527965169569,11.5279651695692,,,,
1475544500.366,1.259607,2016-10-04 01:28:20.366,21:28:20,0.011545435380385,11.545435380385,,,,
1475544501.658,1.410316,2016-10-04 01:28:21.658,21:28:22,0.012926819431714,12.926819431714,,,,
1475544502.95,1.572237,2016-10-04 01:28:22.950,21:28:23,0.014410971585701,14.4109715857012,,,,
1475544504.531,1.62712,2016-10-04 01:28:24.531,21:28:25,0.014914023831347,14.9140238313474,,,,
1475544505.823,1.626516,2016-10-04 01:28:25.823,21:28:26,0.014908487626031,14.9084876260312,,,,
1475544507.113,1.597242,2016-10-04 01:28:27.113,21:28:27,0.014640164986251,14.6401649862511,,,,
1475544508.468,1.541314,2016-10-04 01:28:28.468,21:28:28,0.014127534372136,14.1275343721357,,,,
1475544509.791,1.503632,2016-10-04 01:28:29.791,21:28:30,0.013782144821265,13.7821448212649,,,,
1475544511.083,1.502955,2016-10-04 01:28:31.083,21:28:31,0.013775939505041,13.7759395050412,,,,
1475544512.375,1.507351,2016-10-04 01:28:32.375,21:28:32,0.013816232813932,13.8162328139322,,,,
1475544513.968,1.569361,2016-10-04 01:28:33.968,21:28:34,0.014384610449129,14.3846104491292,,,,
1475544515.265,1.619683,2016-10-04 01:28:35.265,21:28:35,0.014845857011916,14.8458570119157,,,,
1475544516.556,1.620287,2016-10-04 01:28:36.556,21:28:37,0.014851393217232,14.8513932172319,,,,
1475544517.915,1.618803,2016-10-04 01:28:37.915,21:28:38,0.014837791017415,14.8377910174152,,,,
1475544519.238,1.658794,2016-10-04 01:28:39.238,21:28:39,0.015204344637947,15.2043446379468,,,,
1475544520.53,1.709079,2016-10-04 01:28:40.530,21:28:41,0.015665252062328,15.6652520623281,,,,
1475544521.821,1.735806,2016-10-04 01:28:41.821,21:28:42,0.015910229147571,15.910229147571,,,,
1475544523.115,1.735934,2016-10-04 01:28:43.115,21:28:43,0.015911402383135,15.9114023831347,,,,
1475544524.686,1.681143,2016-10-04 01:28:44.686,21:28:45,0.01540919340055,15.40919340055,,,,
1475544525.978,1.518544,2016-10-04 01:28:45.978,21:28:46,0.013918826764436,13.9188267644363,,,,
1475544527.27,1.362321,2016-10-04 01:28:47.270,21:28:47,0.01248690192484,12.4869019248396,,,,
1475544528.626,1.357466,2016-10-04 01:28:48.626,21:28:49,0.012442401466545,12.4424014665445,,,,
1475544529.95,1.358877,2016-10-04 01:28:49.950,21:28:50,0.012455334555454,12.4553345554537,,,,
1475544531.246,1.301282,2016-10-04 01:28:51.246,21:28:51,0.011927424381302,11.9274243813016,,,,
1475544532.538,1.23244,2016-10-04 01:28:52.538,21:28:53,0.011296425297892,11.2964252978918,,,,
1475544534.122,1.201536,2016-10-04 01:28:54.122,21:28:54,0.01101316223648,11.0131622364803,,,,
1475544535.413,1.200675,2016-10-04 01:28:55.413,21:28:55,0.011005270394134,11.0052703941338,,,,
1475544536.669,1.211245,2016-10-04 01:28:56.669,21:28:57,0.011102153987168,11.1021539871677,,,,
1475544538.026,1.232678,2016-10-04 01:28:58.026,21:28:58,0.011298606782768,11.2986067827681,,,,
1475544539.351,1.248322,2016-10-04 01:28:59.351,21:28:59,0.01144199816682,11.4419981668194,,,,
1475544540.64,1.247058,2016-10-04 01:29:00.640,21:29:01,0.011430412465628,11.4304124656279,,,,
1475544541.931,1.272137,2016-10-04 01:29:01.931,21:29:02,0.011660284142988,11.6602841429881,,,,
1475544543.223,1.437336,2016-10-04 01:29:03.223,21:29:03,0.01317448212649,13.1744821264895,,,,
1475544544.839,1.619481,2016-10-04 01:29:04.839,21:29:05,0.014844005499542,14.8440054995417,,,,
1475544546.13,1.62069,2016-10-04 01:29:06.130,21:29:06,0.014855087076077,14.855087076077,,,,
1475544547.489,1.62375,2016-10-04 01:29:07.489,21:29:07,0.014883134738772,14.8831347387718,,,,
1475544548.811,1.580755,2016-10-04 01:29:08.811,21:29:09,0.014489046746105,14.4890467461045,,,,
1475544550.103,1.527081,2016-10-04 01:29:10.103,21:29:10,0.013997076076994,13.9970760769936,,,,
1475544551.394,1.504805,2016-10-04 01:29:11.394,21:29:11,0.013792896425298,13.7928964252979,,,,
1475544552.685,1.503797,2016-10-04 01:29:12.685,21:29:13,0.013783657195234,13.7836571952337,,,,
1475544554.275,1.53177,2016-10-04 01:29:14.275,21:29:14,0.014040054995417,14.0400549954171,,,,
1475544555.566,1.584144,2016-10-04 01:29:15.566,21:29:16,0.014520109990834,14.5201099908341,,,,
1475544556.856,1.623035,2016-10-04 01:29:16.856,21:29:17,0.01487658111824,14.8765811182401,,,,
1475544558.213,1.62287,2016-10-04 01:29:18.213,21:29:18,0.014875068744271,14.8750687442713,,,,
1475544559.535,1.62516,2016-10-04 01:29:19.535,21:29:20,0.014896058661778,14.8960586617782,,,,
1475544560.825,1.674859,2016-10-04 01:29:20.825,21:29:21,0.015351594867094,15.3515948670944,,,,
1475544562.123,1.726921,2016-10-04 01:29:22.123,21:29:22,0.015828790100825,15.8287901008249,,,,
1475544563.415,1.741119,2016-10-04 01:29:23.415,21:29:23,0.015958927589368,15.9589275893676,,,,
1475544564.995,1.742474,2016-10-04 01:29:24.995,21:29:25,0.015971347387718,15.9713473877177,,,,
1475544566.288,1.645402,2016-10-04 01:29:26.288,21:29:26,0.015081594867094,15.0815948670944,,,,
1475544567.643,1.470823,2016-10-04 01:29:27.643,21:29:28,0.013481420714941,13.4814207149404,,,,
1475544568.966,1.361478,2016-10-04 01:29:28.966,21:29:29,0.012479175068744,12.4791750687443,,,,
1475544570.26,1.361863,2016-10-04 01:29:30.260,21:29:30,0.012482703941338,12.4827039413382,,,,
1475544571.551,1.35939,2016-10-04 01:29:31.551,21:29:32,0.012460036663611,12.4600366636114,,,,
1475544572.842,1.286847,2016-10-04 01:29:32.842,21:29:33,0.011795114573786,11.7951145737855,,,,
1475544574.428,1.209596,2016-10-04 01:29:34.428,21:29:34,0.011087039413382,11.0870394133822,,,,
1475544575.718,1.20672,2016-10-04 01:29:35.718,21:29:36,0.01106067827681,11.0606782768103,,,,
1475544577.01,1.207031,2016-10-04 01:29:37.010,21:29:37,0.011063528872594,11.063528872594,,,,
1475544578.38,1.223482,2016-10-04 01:29:38.380,21:29:38,0.011214317140238,11.2143171402383,,,,
1475544579.703,1.248084,2016-10-04 01:29:39.703,21:29:40,0.011439816681943,11.4398166819432,,,,
1475544580.993,1.254038,2016-10-04 01:29:40.993,21:29:41,0.011494390467461,11.494390467461,,,,
1475544582.286,1.249678,2016-10-04 01:29:42.286,21:29:42,0.011454427131073,11.4544271310724,,,,
1475544583.576,1.329127,2016-10-04 01:29:43.576,21:29:44,0.012182648945921,12.1826489459212,,,,
1475544585.146,1.532705,2016-10-04 01:29:45.146,21:29:45,0.014048625114574,14.0486251145738,,,,
1475544586.438,1.626955,2016-10-04 01:29:46.438,21:29:46,0.014912511457379,14.9125114573786,,,,
1475544587.791,1.627706,2016-10-04 01:29:47.791,21:29:48,0.014919395050413,14.9193950504125,,,,
1475544589.113,1.62254,2016-10-04 01:29:49.113,21:29:49,0.014872043996334,14.8720439963336,,,,
1475544590.405,1.568793,2016-10-04 01:29:50.405,21:29:50,0.014379404216315,14.3794042163153,,,,
1475544591.696,1.513781,2016-10-04 01:29:51.696,21:29:52,0.013875169569203,13.8751695692026,,,,
1475544592.988,1.505977,2016-10-04 01:29:52.988,21:29:53,0.013803638863428,13.8036388634281,,,,
1475544594.583,1.503706,2016-10-04 01:29:54.583,21:29:55,0.013782823098075,13.7828230980752,,,,
1475544595.875,1.548239,2016-10-04 01:29:55.875,21:29:56,0.014191008249313,14.1910082493126,,,,
1475544597.166,1.602408,2016-10-04 01:29:57.166,21:29:57,0.01468751604033,14.68751604033,,,,
1475544598.524,1.623987,2016-10-04 01:29:58.524,21:29:59,0.014885307057745,14.8853070577452,,,,
1475544599.846,1.622632,2016-10-04 01:29:59.846,21:30:00,0.014872887259395,14.872887259395,,,,
1475544601.137,1.639192,2016-10-04 01:30:01.137,21:30:01,0.015024674610449,15.0246746104491,,,,
1475544602.43,1.691071,2016-10-04 01:30:02.430,21:30:02,0.01550019248396,15.5001924839597,,,,
1475544603.721,1.740038,2016-10-04 01:30:03.721,21:30:04,0.015949019248396,15.949019248396,,,,
1475544605.301,1.743354,2016-10-04 01:30:05.301,21:30:05,0.015979413382218,15.9794133822182,,,,
1475544606.589,1.743793,2016-10-04 01:30:06.589,21:30:07,0.015983437213566,15.9834372135655,,,,
1475544607.943,1.589603,2016-10-04 01:30:07.943,21:30:08,0.014570146654446,14.5701466544455,,,,
1475544609.266,1.415665,2016-10-04 01:30:09.266,21:30:09,0.012975847846013,12.9758478460128,,,,
1475544610.563,1.362595,2016-10-04 01:30:10.563,21:30:11,0.012489413382218,12.4894133822181,,,,
1475544611.854,1.363933,2016-10-04 01:30:11.854,21:30:12,0.01250167736022,12.50167736022,,,,
1475544613.146,1.339715,2016-10-04 01:30:13.146,21:30:13,0.012279697525206,12.2796975252062,,,,
1475544614.73,1.250942,2016-10-04 01:30:14.730,21:30:15,0.011466012832264,11.466012832264,,,,
1475544616.02,1.208478,2016-10-04 01:30:16.020,21:30:16,0.011076791934006,11.0767919340055,,,,
1475544617.313,1.207489,2016-10-04 01:30:17.313,21:30:17,0.011067726856095,11.0677268560953,,,,
1475544618.67,1.21337,2016-10-04 01:30:18.670,21:30:19,0.011121631530706,11.1216315307058,,,,
1475544619.994,1.230846,2016-10-04 01:30:19.994,21:30:20,0.011281814848763,11.2818148487626,,,,
1475544621.286,1.25532,2016-10-04 01:30:21.286,21:30:21,0.011506141154904,11.5061411549038,,,,
1475544622.573,1.251583,2016-10-04 01:30:22.573,21:30:23,0.011471888175985,11.4718881759853,,,,
1475544623.865,1.245226,2016-10-04 01:30:23.865,21:30:24,0.011413620531622,11.4136205316224,,,,
1475544625.441,1.413119,2016-10-04 01:30:25.441,21:30:25,0.012952511457379,12.9525114573786,,,,
1475544626.738,1.582422,2016-10-04 01:30:26.738,21:30:27,0.014504326306141,14.5043263061412,,,,
1475544628.093,1.628274,2016-10-04 01:30:28.093,21:30:28,0.014924601283226,14.9246012832264,,,,
1475544629.413,1.630143,2016-10-04 01:30:29.413,21:30:29,0.014941732355637,14.941732355637,,,,
1475544630.703,1.608636,2016-10-04 01:30:30.703,21:30:31,0.014744601283226,14.7446012832264,,,,
1475544631.993,1.554394,2016-10-04 01:30:31.993,21:30:32,0.014247424381302,14.2474243813016,,,,
1475544633.285,1.50726,2016-10-04 01:30:33.285,21:30:33,0.013815398716774,13.8153987167736,,,,
1475544634.87,1.504915,2016-10-04 01:30:34.870,21:30:35,0.013793904674611,13.7939046746105,,,,
1475544636.16,1.51085,2016-10-04 01:30:36.160,21:30:36,0.013848304307974,13.8483043079743,,,,
1475544637.514,1.565477,2016-10-04 01:30:37.514,21:30:38,0.014349010082493,14.3490100824931,,,,
1475544638.838,1.620544,2016-10-04 01:30:38.838,21:30:39,0.014853748854262,14.8537488542621,,,,
1475544640.126,1.623585,2016-10-04 01:30:40.126,21:30:40,0.014881622364803,14.8816223648029,,,,
1475544641.418,1.622009,2016-10-04 01:30:41.418,21:30:41,0.014867176901925,14.8671769019248,,,,
1475544642.714,1.653298,2016-10-04 01:30:42.714,21:30:43,0.01515396883593,15.1539688359303,,,,
1475544644.006,1.705287,2016-10-04 01:30:44.006,21:30:44,0.015630494958754,15.6304949587534,,,,
1475544645.586,1.743518,2016-10-04 01:30:45.586,21:30:46,0.015980916590284,15.9809165902841,,,,
1475544646.878,1.745076,2016-10-04 01:30:46.878,21:30:47,0.015995197066911,15.9951970669111,,,,
1475544648.233,1.712505,2016-10-04 01:30:48.233,21:30:48,0.015696654445463,15.6966544454629,,,,
1475544649.556,1.543806,2016-10-04 01:30:49.556,21:30:50,0.014150375802017,14.1503758020165,,,,
1475544650.848,1.376518,2016-10-04 01:30:50.848,21:30:51,0.012617030247479,12.6170302474794,,,,
1475544652.14,1.363804,2016-10-04 01:30:52.140,21:30:52,0.012500494958754,12.5004949587534,,,,
1475544653.43,1.365765,2016-10-04 01:30:53.430,21:30:53,0.012518469294226,12.5184692942255,,,,
1475544655.021,1.304121,2016-10-04 01:30:55.021,21:30:55,0.011953446379468,11.9534463794684,,,,
1475544656.312,1.234326,2016-10-04 01:30:56.312,21:30:56,0.011313712190651,11.3137121906508,,,,
1475544657.67,1.208424,2016-10-04 01:30:57.670,21:30:58,0.011076296975252,11.0762969752521,,,,
1475544658.996,1.207746,2016-10-04 01:30:58.996,21:30:59,0.011070082493126,11.0700824931256,,,,
1475544660.288,1.217546,2016-10-04 01:31:00.288,21:31:00,0.011159908340972,11.1599083409716,,,,
1475544661.58,1.236671,2016-10-04 01:31:01.580,21:31:02,0.011335206232814,11.3352062328139,,,,
1475544662.873,1.252993,2016-10-04 01:31:02.873,21:31:03,0.011484812098992,11.4848120989918,,,,
1475544664.166,1.248304,2016-10-04 01:31:04.166,21:31:04,0.011441833180568,11.4418331805683,,,,
1475544665.741,1.283439,2016-10-04 01:31:05.741,21:31:06,0.011763877176902,11.7638771769019,,,,
1475544667.033,1.452761,2016-10-04 01:31:07.033,21:31:07,0.013315866177819,13.3158661778185,,,,
1475544668.388,1.623072,2016-10-04 01:31:08.388,21:31:08,0.014876920256645,14.8769202566453,,,,
1475544669.71,1.630601,2016-10-04 01:31:09.710,21:31:10,0.014945930339138,14.9459303391384,,,,
1475544671.003,1.632341,2016-10-04 01:31:11.003,21:31:11,0.014961879010083,14.9618790100825,,,,
1475544672.295,1.597077,2016-10-04 01:31:12.295,21:31:12,0.014638652612282,14.6386526122823,,,,
1475544673.588,1.541626,2016-10-04 01:31:13.588,21:31:14,0.014130394133822,14.1303941338222,,,,
1475544675.18,1.506069,2016-10-04 01:31:15.180,21:31:15,0.01380448212649,13.8044821264895,,,,
1475544676.473,1.504164,2016-10-04 01:31:16.473,21:31:16,0.013787021081577,13.7870210815765,,,,
1475544677.828,1.525817,2016-10-04 01:31:17.828,21:31:18,0.013985490375802,13.985490375802,,,,
1475544679.148,1.580041,2016-10-04 01:31:19.148,21:31:19,0.014482502291476,14.4825022914757,,,,
1475544680.436,1.625435,2016-10-04 01:31:20.436,21:31:20,0.01489857928506,14.8985792850596,,,,
1475544681.728,1.623456,2016-10-04 01:31:21.728,21:31:22,0.014880439963336,14.8804399633364,,,,
1475544683.021,1.621991,2016-10-04 01:31:23.021,21:31:23,0.014867011915674,14.8670119156737,,,,
1475544684.31,1.665169,2016-10-04 01:31:24.310,21:31:24,0.015262777268561,15.262777268561,,,,
1475544685.89,1.730493,2016-10-04 01:31:25.890,21:31:26,0.015861530705775,15.8615307057745,,,,
1475544687.178,1.745369,2016-10-04 01:31:27.178,21:31:27,0.015997882676444,15.9978826764436,,,,
1475544688.531,1.747402,2016-10-04 01:31:28.531,21:31:29,0.01601651695692,16.0165169569203,,,,
1475544689.85,1.672789,2016-10-04 01:31:29.850,21:31:30,0.015332621448213,15.3326214482127,,,,
1475544691.146,1.506051,2016-10-04 01:31:31.146,21:31:31,0.013804317140238,13.8043171402383,,,,
1475544692.436,1.364152,2016-10-04 01:31:32.436,21:31:32,0.012503684692942,12.5036846929423,,,,
1475544693.725,1.365801,2016-10-04 01:31:33.725,21:31:34,0.012518799266728,12.5187992667278,,,,
1475544695.309,1.361918,2016-10-04 01:31:35.309,21:31:35,0.012483208065995,12.4832080659945,,,,
1475544696.6,1.288367,2016-10-04 01:31:36.600,21:31:37,0.011809046746105,11.8090467461045,,,,
1475544697.953,1.217528,2016-10-04 01:31:37.953,21:31:38,0.011159743354721,11.1597433547204,,,,
1475544699.276,1.20857,2016-10-04 01:31:39.276,21:31:39,0.011077635197067,11.0776351970669,,,,
1475544700.565,1.208204,2016-10-04 01:31:40.565,21:31:41,0.011074280476627,11.074280476627,,,,
1475544701.855,1.220899,2016-10-04 01:31:41.855,21:31:42,0.011190641613199,11.1906416131989,,,,
1475544703.145,1.239218,2016-10-04 01:31:43.145,21:31:43,0.011358551787351,11.3585517873511,,,,
1475544704.436,1.249476,2016-10-04 01:31:44.436,21:31:44,0.011452575618699,11.4525756186984,,,,
1475544706.016,1.244841,2016-10-04 01:31:46.016,21:31:46,0.011410091659029,11.4100916590284,,,,
1475544707.311,1.3207,2016-10-04 01:31:47.311,21:31:47,0.012105407882677,12.1054078826764,,,,
1475544708.663,1.499474,2016-10-04 01:31:48.663,21:31:49,0.01374403299725,13.7440329972502,,,,
1475544709.983,1.632652,2016-10-04 01:31:49.983,21:31:50,0.014964729605866,14.9647296058662,,,,
1475544711.273,1.631901,2016-10-04 01:31:51.273,21:31:51,0.014957846012832,14.9578460128323,,,,
1475544712.566,1.633001,2016-10-04 01:31:52.566,21:31:53,0.014967928505958,14.9679285059578,,,,
1475544713.858,1.585078,2016-10-04 01:31:53.858,21:31:54,0.014528670944088,14.528670944088,,,,
1475544715.441,1.514496,2016-10-04 01:31:55.441,21:31:55,0.013881723189734,13.8817231897342,,,,
1475544716.731,1.504494,2016-10-04 01:31:56.731,21:31:57,0.013790045829514,13.7900458295142,,,,
1475544718.083,1.503174,2016-10-04 01:31:58.083,21:31:58,0.013777946837764,13.7779468377635,,,,
1475544719.405,1.537138,2016-10-04 01:31:59.405,21:31:59,0.01408925756187,14.0892575618698,,,,
1475544720.695,1.590098,2016-10-04 01:32:00.695,21:32:01,0.014574683776352,14.574683776352,,,,
1475544721.985,1.623511,2016-10-04 01:32:01.985,21:32:02,0.014880944087993,14.8809440879927,,,,
1475544723.28,1.622083,2016-10-04 01:32:03.280,21:32:03,0.014867855178735,14.8678551787351,,,,
1475544724.573,1.625032,2016-10-04 01:32:04.573,21:32:05,0.014894885426215,14.8948854262145,,,,
1475544725.595,1.664729,2016-10-04 01:32:05.595,21:32:06,0.015258744271311,15.2587442713107,,,,
1475544726.886,1.718623,2016-10-04 01:32:06.886,21:32:07,0.015752731439047,15.7527314390467,,,,
1475544728.241,1.74535,2016-10-04 01:32:08.241,21:32:08,0.01599770852429,15.9977085242896,,,,
1475544729.565,1.746504,2016-10-04 01:32:09.565,21:32:10,0.016008285976169,16.0082859761687,,,,
1475544730.856,1.70928,2016-10-04 01:32:10.856,21:32:11,0.015667094408799,15.6670944087993,,,,
1475544732.148,1.545436,2016-10-04 01:32:12.148,21:32:12,0.014165316223648,14.165316223648,,,,
1475544733.44,1.378716,2016-10-04 01:32:13.440,21:32:13,0.012637176901925,12.6371769019248,,,,
1475544734.73,1.365526,2016-10-04 01:32:14.730,21:32:15,0.012516278643446,12.5162786434464,,,,
1475544736.315,1.367248,2016-10-04 01:32:16.315,21:32:16,0.012532062328139,12.5320623281393,,,,
1475544737.683,1.300421,2016-10-04 01:32:17.683,21:32:18,0.011919532538955,11.9195325389551,,,,
1475544739.005,1.229051,2016-10-04 01:32:19.005,21:32:19,0.011265362053162,11.2653620531622,,,,
1475544740.296,1.208625,2016-10-04 01:32:20.296,21:32:20,0.011078139321723,11.0781393217232,,,,
1475544741.588,1.208149,2016-10-04 01:32:21.588,21:32:22,0.011073776351971,11.0737763519707,,,,
1475544742.881,1.216356,2016-10-04 01:32:22.881,21:32:23,0.01114900091659,11.1490009165903,,,,
1475544744.171,1.232128,2016-10-04 01:32:24.171,21:32:24,0.011293565536205,11.2935655362053,,,,
1475544745.751,1.248139,2016-10-04 01:32:25.751,21:32:26,0.0114403208066,11.4403208065995,,,,
1475544747.042,1.244896,2016-10-04 01:32:27.042,21:32:27,0.011410595783685,11.4105957836847,,,,
1475544748.398,1.291573,2016-10-04 01:32:28.398,21:32:28,0.011838432630614,11.8384326306141,,,,
1475544749.721,1.46846,2016-10-04 01:32:29.721,21:32:30,0.013459761686526,13.4597616865261,,,,
1475544751.013,1.628421,2016-10-04 01:32:31.013,21:32:31,0.014925948670944,14.9259486709441,,,,
1475544752.305,1.631645,2016-10-04 01:32:32.305,21:32:32,0.014955499541705,14.9554995417049,,,,
1475544753.596,1.633037,2016-10-04 01:32:33.596,21:32:34,0.01496825847846,14.9682584784601,,,,
1475544754.888,1.596051,2016-10-04 01:32:34.888,21:32:35,0.014629248395967,14.629248395967,,,,
1475544756.469,1.52589,2016-10-04 01:32:36.469,21:32:36,0.01398615948671,13.9861594867094,,,,
1475544757.828,1.50475,2016-10-04 01:32:37.828,21:32:38,0.013792392300642,13.7923923006416,,,,
1475544759.15,1.503174,2016-10-04 01:32:39.150,21:32:39,0.013777946837764,13.7779468377635,,,,
1475544760.442,1.525853,2016-10-04 01:32:40.442,21:32:40,0.013985820348304,13.9858203483043,,,,
1475544761.735,1.578667,2016-10-04 01:32:41.735,21:32:42,0.014469908340972,14.4699083409716,,,,
1475544763.026,1.624354,2016-10-04 01:32:43.026,21:32:43,0.014888670944088,14.888670944088,,,,
1475544764.318,1.622559,2016-10-04 01:32:44.318,21:32:44,0.014872218148488,14.8722181484876,,,,
1475544765.905,1.626003,2016-10-04 01:32:45.905,21:32:46,0.014903785517874,14.9037855178735,,,,
1475544767.195,1.678889,2016-10-04 01:32:47.195,21:32:47,0.015388533455545,15.3885334555454,,,,
1475544768.551,1.735898,2016-10-04 01:32:48.551,21:32:49,0.015911072410633,15.9110724106324,,,,
1475544769.878,1.745662,2016-10-04 01:32:49.878,21:32:50,0.016000568285976,16.0005682859762,,,,
1475544771.168,1.748007,2016-10-04 01:32:51.168,21:32:51,0.016022062328139,16.0220623281393,,,,
1475544772.461,1.670646,2016-10-04 01:32:52.461,21:32:52,0.015312978918424,15.3129789184235,,,,
1475544773.753,1.504145,2016-10-04 01:32:53.753,21:32:54,0.013786846929423,13.7868469294226,,,,
1475544775.046,1.365197,2016-10-04 01:32:55.046,21:32:55,0.012513263061412,12.5132630614116,,,,
1475544776.623,1.365856,2016-10-04 01:32:56.623,21:32:57,0.012519303391384,12.5193033913841,,,,
1475544777.978,1.35851,2016-10-04 01:32:57.978,21:32:58,0.012451970669111,12.4519706691109,,,,
1475544779.301,1.281406,2016-10-04 01:32:59.301,21:32:59,0.011745242896425,11.7452428964253,,,,
1475544780.593,1.214908,2016-10-04 01:33:00.593,21:33:01,0.011135728689276,11.1357286892759,,,,
1475544781.885,1.208314,2016-10-04 01:33:01.885,21:33:02,0.01107528872594,11.0752887259395,,,,
1475544783.175,1.206921,2016-10-04 01:33:03.175,21:33:03,0.011062520623281,11.0625206232814,,,,
1475544784.466,1.216685,2016-10-04 01:33:04.466,21:33:04,0.011152016498625,11.1520164986251,,,,
1475544786.035,1.241434,2016-10-04 01:33:06.035,21:33:06,0.011378863428048,11.3788634280477,,,,
1475544787.395,1.24726,2016-10-04 01:33:07.395,21:33:07,0.011432263978002,11.4322639780018,,,,
1475544788.715,1.242662,2016-10-04 01:33:08.715,21:33:09,0.011390119156737,11.3901191567369,,,,
1475544790.005,1.335245,2016-10-04 01:33:10.005,21:33:10,0.012238725939505,12.238725939505,,,,
1475544791.298,1.507864,2016-10-04 01:33:11.298,21:33:11,0.01382093492209,13.8209349220898,,,,
1475544792.59,1.633001,2016-10-04 01:33:12.590,21:33:13,0.014967928505958,14.9679285059578,,,,
1475544793.878,1.632121,2016-10-04 01:33:13.878,21:33:14,0.014959862511457,14.9598625114574,,,,
1475544795.17,1.632414,2016-10-04 01:33:15.170,21:33:15,0.01496254812099,14.9625481209899,,,,
1475544796.773,1.568811,2016-10-04 01:33:16.773,21:33:17,0.014379569202567,14.3795692025665,,,,
1475544798.132,1.510246,2016-10-04 01:33:18.132,21:33:18,0.013842768102658,13.8427681026581,,,,
1475544799.455,1.50442,2016-10-04 01:33:19.455,21:33:19,0.013789367552704,13.7893675527039,,,,
1475544800.746,1.502368,2016-10-04 01:33:20.746,21:33:21,0.013770559120073,13.7705591200733,,,,
1475544802.043,1.537303,2016-10-04 01:33:22.043,21:33:22,0.014090769935839,14.0907699358387,,,,
1475544803.335,1.591014,2016-10-04 01:33:23.335,21:33:23,0.014583079743355,14.5830797433547,,,,
1475544804.626,1.623566,2016-10-04 01:33:24.626,21:33:25,0.014881448212649,14.8814482126489,,,,
1475544806.213,1.621734,2016-10-04 01:33:26.213,21:33:26,0.014864656278644,14.8646562786434,,,,
1475544806.926,1.621789,2016-10-04 01:33:26.926,21:33:27,0.0148651604033,14.8651604032997,,,,
1475544808.25,1.668906,2016-10-04 01:33:28.250,21:33:28,0.015297030247479,15.2970302474794,,,,
1475544809.543,1.722598,2016-10-04 01:33:29.543,21:33:30,0.015789165902842,15.7891659028414,,,,
1475544810.836,1.745808,2016-10-04 01:33:30.836,21:33:31,0.016001906507791,16.001906507791,,,,
1475544812.128,1.748684,2016-10-04 01:33:32.128,21:33:32,0.016028267644363,16.028267644363,,,,
1475544813.42,1.719392,2016-10-04 01:33:33.420,21:33:33,0.015759780018332,15.7597800183318,,,,
1475544814.71,1.554467,2016-10-04 01:33:34.710,21:33:35,0.014248093492209,14.248093492209,,,,
1475544816.291,1.365966,2016-10-04 01:33:36.291,21:33:36,0.012520311640697,12.5203116406966,,,,
1475544817.011,1.365215,2016-10-04 01:33:37.011,21:33:37,0.012513428047663,12.5134280476627,,,,
1475544818.333,1.366149,2016-10-04 01:33:38.333,21:33:38,0.012521989000917,12.5219890009166,,,,
1475544819.623,1.340265,2016-10-04 01:33:39.623,21:33:40,0.012284738771769,12.284738771769,,,,
1475544820.914,1.266403,2016-10-04 01:33:40.914,21:33:41,0.011607726856095,11.6077268560953,,,,
1475544822.205,1.209376,2016-10-04 01:33:42.205,21:33:42,0.011085022914757,11.0850229147571,,,,
1475544823.498,1.207306,2016-10-04 01:33:43.498,21:33:43,0.011066049495875,11.0660494958753,,,,
1475544824.79,1.205291,2016-10-04 01:33:44.790,21:33:45,0.01104758020165,11.0475802016499,,,,
1475544826.365,1.222328,2016-10-04 01:33:46.365,21:33:46,0.011203739688359,11.2037396883593,,,,
1475544827.721,1.247663,2016-10-04 01:33:47.721,21:33:48,0.011435957836847,11.4359578368469,,,,
1475544829.043,1.245611,2016-10-04 01:33:49.043,21:33:49,0.011417149404216,11.4171494042163,,,,
1475544830.335,1.242533,2016-10-04 01:33:50.335,21:33:50,0.01138893675527,11.3889367552704,,,,
1475544831.625,1.373165,2016-10-04 01:33:51.625,21:33:52,0.012586296975252,12.5862969752521,,,,
1475544832.921,1.545216,2016-10-04 01:33:52.921,21:33:53,0.014163299725023,14.1632997250229,,,,
1475544834.213,1.632231,2016-10-04 01:33:54.213,21:33:54,0.01496087076077,14.9608707607699,,,,
1475544835.505,1.631938,2016-10-04 01:33:55.505,21:33:56,0.014958185151237,14.9581851512374,,,,
1475544837.083,1.614095,2016-10-04 01:33:57.083,21:33:57,0.014794637946838,14.7946379468378,,,,
1475544838.438,1.554742,2016-10-04 01:33:58.438,21:33:58,0.01425061411549,14.2506141154904,,,,
1475544839.758,1.505006,2016-10-04 01:33:59.758,21:34:00,0.013794738771769,13.794738771769,,,,
1475544841.05,1.503413,2016-10-04 01:34:01.050,21:34:01,0.013780137488543,13.7801374885426,,,,
1475544842.341,1.501489,2016-10-04 01:34:02.341,21:34:02,0.013762502291476,13.7625022914757,,,,
1475544843.632,1.546902,2016-10-04 01:34:03.632,21:34:04,0.014178753437214,14.1787534372136,,,,
1475544844.926,1.601437,2016-10-04 01:34:04.926,21:34:05,0.014678615948671,14.6786159486709,,,,
1475544846.562,1.623017,2016-10-04 01:34:06.562,21:34:07,0.014876416131989,14.876416131989,,,,
1475544847.276,1.622943,2016-10-04 01:34:07.276,21:34:07,0.014875737855179,14.8757378551787,,,,
1475544848.604,1.628751,2016-10-04 01:34:08.604,21:34:09,0.014928973418882,14.9289734188818,,,,
1475544849.896,1.681985,2016-10-04 01:34:09.896,21:34:10,0.015416911090743,15.4169110907424,,,,
1475544851.186,1.734615,2016-10-04 01:34:11.186,21:34:11,0.015899312557287,15.8993125572869,,,,
1475544852.478,1.74764,2016-10-04 01:34:12.478,21:34:12,0.016018698441797,16.0186984417965,,,,
1475544853.77,1.752586,2016-10-04 01:34:13.770,21:34:14,0.01606403299725,16.0640329972502,,,,
1475544855.061,1.686034,2016-10-04 01:34:15.061,21:34:15,0.015454023831347,15.4540238313474,,,,
1475544856.638,1.47892,2016-10-04 01:34:16.638,21:34:17,0.013555637030248,13.5556370302475,,,,
1475544857.356,1.384358,2016-10-04 01:34:17.356,21:34:17,0.012688890925756,12.6888909257562,,,,
1475544858.681,1.365636,2016-10-04 01:34:18.681,21:34:19,0.012517286892759,12.5172868927589,,,,
1475544859.973,1.366662,2016-10-04 01:34:19.973,21:34:20,0.012526691109074,12.5266911090742,,,,
1475544861.265,1.324236,2016-10-04 01:34:21.265,21:34:21,0.012137818515124,12.1378185151237,,,,
1475544862.556,1.252297,2016-10-04 01:34:22.556,21:34:23,0.011478432630614,11.4784326306141,,,,
1475544863.851,1.208204,2016-10-04 01:34:23.851,21:34:24,0.011074280476627,11.074280476627,,,,
1475544865.143,1.204851,2016-10-04 01:34:25.143,21:34:25,0.0110435472044,11.0435472043996,,,,
1475544866.715,1.209688,2016-10-04 01:34:26.715,21:34:27,0.011087882676444,11.0878826764436,,,,
1475544868.07,1.227823,2016-10-04 01:34:28.070,21:34:28,0.011254106324473,11.254106324473,,,,
1475544869.393,1.249275,2016-10-04 01:34:29.393,21:34:29,0.011450733272227,11.4507332722273,,,,
1475544870.684,1.245556,2016-10-04 01:34:30.684,21:34:31,0.01141664527956,11.41664527956,,,,
1475544871.976,1.24682,2016-10-04 01:34:31.976,21:34:32,0.011428230980752,11.4282309807516,,,,
1475544873.265,1.406616,2016-10-04 01:34:33.265,21:34:33,0.012892905591201,12.8929055912007,,,,
1475544874.556,1.576615,2016-10-04 01:34:34.556,21:34:35,0.014451099908341,14.451099908341,,,,
1475544875.848,1.631828,2016-10-04 01:34:35.848,21:34:36,0.014957176901925,14.9571769019248,,,,
1475544877.431,1.631938,2016-10-04 01:34:37.431,21:34:37,0.014958185151237,14.9581851512374,,,,
1475544878.786,1.601419,2016-10-04 01:34:38.786,21:34:39,0.01467845096242,14.6784509624198,,,,
1475544880.111,1.543714,2016-10-04 01:34:40.111,21:34:40,0.014149532538955,14.1495325389551,,,,
1475544881.403,1.504622,2016-10-04 01:34:41.403,21:34:41,0.013791219065078,13.7912190650779,,,,
1475544882.695,1.50257,2016-10-04 01:34:42.695,21:34:43,0.013772410632447,13.7724106324473,,,,
1475544883.987,1.504841,2016-10-04 01:34:43.987,21:34:44,0.0137932263978,13.7932263978002,,,,
1475544885.28,1.556702,2016-10-04 01:34:45.280,21:34:45,0.01426857928506,14.2685792850596,,,,
1475544886.868,1.621954,2016-10-04 01:34:46.868,21:34:47,0.014866672777269,14.8666727772686,,,,
1475544887.583,1.624171,2016-10-04 01:34:47.583,21:34:48,0.014886993583868,14.886993583868,,,,
1475544888.906,1.623914,2016-10-04 01:34:48.906,21:34:49,0.014884637946838,14.8846379468378,,,,
1475544890.198,1.635748,2016-10-04 01:34:50.198,21:34:50,0.014993107241063,14.9931072410632,,,,
1475544891.49,1.689075,2016-10-04 01:34:51.490,21:34:51,0.015481897341888,15.4818973418882,,,,
1475544892.781,1.741723,2016-10-04 01:34:52.781,21:34:53,0.015964463794684,15.9644637946838,,,,
1475544894.076,1.751377,2016-10-04 01:34:54.076,21:34:54,0.016052951420715,16.0529514207149,,,,
1475544895.371,1.756177,2016-10-04 01:34:55.371,21:34:55,0.016096947754354,16.0969477543538,,,,
1475544896.945,1.627706,2016-10-04 01:34:56.945,21:34:57,0.014919395050413,14.9193950504125,,,,
1475544898.305,1.447998,2016-10-04 01:34:58.305,21:34:58,0.013272208982585,13.2722089825848,,,,
1475544899.628,1.365984,2016-10-04 01:34:59.628,21:35:00,0.012520476626948,12.5204766269478,,,,
1475544900.921,1.367157,2016-10-04 01:35:00.921,21:35:01,0.012531228230981,12.5312282309808,,,,
1475544902.212,1.353454,2016-10-04 01:35:02.212,21:35:02,0.012405627864345,12.4056278643446,,,,
1475544903.503,1.277889,2016-10-04 01:35:03.503,21:35:04,0.011713006416132,11.713006416132,,,,
1475544904.795,1.211025,2016-10-04 01:35:04.795,21:35:05,0.011100137488543,11.1001374885426,,,,
1475544906.09,1.204064,2016-10-04 01:35:06.090,21:35:06,0.011036333638864,11.0363336388634,,,,
1475544907.663,1.20432,2016-10-04 01:35:07.663,21:35:08,0.011038680109991,11.0386801099908,,,,
1475544908.985,1.219946,2016-10-04 01:35:08.985,21:35:09,0.011181906507791,11.181906507791,,,,
1475544910.282,1.24453,2016-10-04 01:35:10.282,21:35:10,0.011407241063245,11.4072410632447,,,,
1475544911.574,1.247058,2016-10-04 01:35:11.574,21:35:12,0.011430412465628,11.4304124656279,,,,
1475544912.863,1.243614,2016-10-04 01:35:12.863,21:35:13,0.011398845096242,11.398845096242,,,,
1475544914.155,1.33737,2016-10-04 01:35:14.155,21:35:14,0.012258203483043,12.2582034830431,,,,
1475544915.448,1.509366,2016-10-04 01:35:15.448,21:35:15,0.013834702108158,13.8347021081577,,,,
1475544917.101,1.632011,2016-10-04 01:35:17.101,21:35:17,0.014958854262145,14.9588542621448,,,,
1475544917.813,1.63148,2016-10-04 01:35:17.813,21:35:18,0.014953987167736,14.953987167736,,,,
1475544919.136,1.632488,2016-10-04 01:35:19.136,21:35:19,0.0149632263978,14.9632263978002,,,,
1475544920.428,1.590739,2016-10-04 01:35:20.428,21:35:20,0.014580559120073,14.5805591200733,,,,
1475544921.718,1.534262,2016-10-04 01:35:21.718,21:35:22,0.014062896425298,14.0628964252979,,,,
1475544923.01,1.503376,2016-10-04 01:35:23.010,21:35:23,0.013779798350138,13.7797983501375,,,,
1475544924.303,1.501214,2016-10-04 01:35:24.303,21:35:24,0.013759981668194,13.7599816681943,,,,
1475544925.6,1.512187,2016-10-04 01:35:25.600,21:35:26,0.013860559120073,13.8605591200733,,,,
1475544927.178,1.57819,2016-10-04 01:35:27.178,21:35:27,0.014465536205316,14.4655362053162,,,,
1475544927.891,1.609461,2016-10-04 01:35:27.891,21:35:28,0.014752163153071,14.7521631530706,,,,
1475544929.215,1.624794,2016-10-04 01:35:29.215,21:35:29,0.014892703941338,14.8927039413382,,,,
1475544930.508,1.624134,2016-10-04 01:35:30.508,21:35:31,0.014886654445463,14.8866544454629,,,,
1475544931.8,1.645237,2016-10-04 01:35:31.800,21:35:32,0.015080082493126,15.0800824931256,,,,
1475544933.093,1.698509,2016-10-04 01:35:33.093,21:35:33,0.015568368469294,15.5683684692942,,,,
1475544934.378,1.749161,2016-10-04 01:35:34.378,21:35:34,0.016032639780018,16.0326397800183,,,,
1475544935.666,1.754491,2016-10-04 01:35:35.666,21:35:36,0.016081494042163,16.0814940421632,,,,
1475544937.248,1.752293,2016-10-04 01:35:37.248,21:35:37,0.016061347387718,16.0613473877177,,,,
1475544937.964,1.671489,2016-10-04 01:35:37.964,21:35:38,0.015320705774519,15.3207057745188,,,,
1475544939.289,1.497514,2016-10-04 01:35:39.289,21:35:39,0.013726067827681,13.726067827681,,,,
1475544940.584,1.365984,2016-10-04 01:35:40.584,21:35:41,0.012520476626948,12.5204766269478,,,,
1475544941.875,1.367322,2016-10-04 01:35:41.875,21:35:42,0.01253274060495,12.5327406049496,,,,
1475544943.166,1.368402,2016-10-04 01:35:43.166,21:35:43,0.012542639780018,12.5426397800183,,,,
1475544944.458,1.299542,2016-10-04 01:35:44.458,21:35:44,0.011911475710358,11.9114757103575,,,,
1475544945.75,1.226724,2016-10-04 01:35:45.750,21:35:46,0.01124403299725,11.2440329972502,,,,
1475544947.326,1.202616,2016-10-04 01:35:47.326,21:35:47,0.011023061411549,11.023061411549,,,,
1475544948.68,1.202415,2016-10-04 01:35:48.680,21:35:49,0.011021219065078,11.0212190650779,,,,
1475544950.003,1.215495,2016-10-04 01:35:50.003,21:35:50,0.011141109074244,11.1411090742438,,,,
1475544951.296,1.23821,2016-10-04 01:35:51.296,21:35:51,0.011349312557287,11.3493125572869,,,,
1475544952.588,1.248066,2016-10-04 01:35:52.588,21:35:53,0.011439651695692,11.439651695692,,,,
1475544953.878,1.243651,2016-10-04 01:35:53.878,21:35:54,0.011399184234647,11.3991842346471,,,,
1475544955.17,1.292727,2016-10-04 01:35:55.170,21:35:55,0.011849010082493,11.8490100824931,,,,
1475544956.467,1.46716,2016-10-04 01:35:56.467,21:35:56,0.013447846012832,13.4478460128323,,,,
1475544958.043,1.632909,2016-10-04 01:35:58.043,21:35:58,0.014967085242897,14.9670852428964,,,,
1475544959.366,1.631718,2016-10-04 01:35:59.366,21:35:59,0.014956168652612,14.9561686526123,,,,
1475544960.656,1.632414,2016-10-04 01:36:00.656,21:36:01,0.01496254812099,14.9625481209899,,,,
1475544961.948,1.581818,2016-10-04 01:36:01.948,21:36:02,0.014498790100825,14.4987901008249,,,,
1475544963.238,1.524461,2016-10-04 01:36:03.238,21:36:03,0.013973061411549,13.973061411549,,,,
1475544964.528,1.502185,2016-10-04 01:36:04.528,21:36:05,0.013768881759853,13.7688817598533,,,,
1475544965.818,1.500537,2016-10-04 01:36:05.818,21:36:06,0.013753776351971,13.7537763519707,,,,
1475544967.473,1.536094,2016-10-04 01:36:07.473,21:36:07,0.014079688359303,14.0796883593034,,,,
1475544968.188,1.566613,2016-10-04 01:36:08.188,21:36:08,0.014359422548121,14.359422548121,,,,
1475544969.513,1.622742,2016-10-04 01:36:09.513,21:36:10,0.014873895508708,14.8738955087076,,,,
1475544970.803,1.625197,2016-10-04 01:36:10.803,21:36:11,0.014896397800183,14.8963978001833,,,,
1475544972.1,1.623475,2016-10-04 01:36:12.100,21:36:12,0.01488061411549,14.8806141154904,,,,
1475544973.391,1.657273,2016-10-04 01:36:13.391,21:36:13,0.015190403299725,15.190403299725,,,,
1475544974.683,1.712852,2016-10-04 01:36:14.683,21:36:15,0.015699835013749,15.6998350137489,,,,
1475544975.975,1.75363,2016-10-04 01:36:15.975,21:36:16,0.016073602199817,16.0736021998167,,,,
1475544977.55,1.756708,2016-10-04 01:36:17.550,21:36:18,0.016101814848763,16.1018148487626,,,,
1475544978.905,1.719869,2016-10-04 01:36:18.905,21:36:19,0.015764152153987,15.7641521539872,,,,
1475544980.225,1.547579,2016-10-04 01:36:20.225,21:36:20,0.014184958753437,14.1849587534372,,,,
1475544981.518,1.379467,2016-10-04 01:36:21.518,21:36:22,0.012644060494959,12.6440604949588,,,,
1475544982.81,1.367395,2016-10-04 01:36:22.810,21:36:23,0.012533409715857,12.533409715857,,,,
1475544984.1,1.368109,2016-10-04 01:36:24.100,21:36:24,0.012539954170486,12.5399541704858,,,,
1475544985.394,1.320224,2016-10-04 01:36:25.394,21:36:25,0.012101044912924,12.1010449129239,,,,
1475544986.68,1.245116,2016-10-04 01:36:26.680,21:36:27,0.01141261228231,11.4126122823098,,,,
1475544988.267,1.202488,2016-10-04 01:36:28.267,21:36:28,0.011021888175985,11.0218881759853,,,,
1475544989.588,1.202287,2016-10-04 01:36:29.588,21:36:30,0.011020045829514,11.0200458295142,,,,
1475544990.88,1.210787,2016-10-04 01:36:30.880,21:36:31,0.011097956003666,11.0979560036664,,,,
1475544992.171,1.230406,2016-10-04 01:36:32.171,21:36:32,0.011277781851512,11.2777818515124,,,,
1475544993.461,1.249421,2016-10-04 01:36:33.461,21:36:33,0.011452071494042,11.4520714940422,,,,
1475544994.753,1.243779,2016-10-04 01:36:34.753,21:36:35,0.011400357470211,11.4003574702108,,,,
1475544996.037,1.246435,2016-10-04 01:36:36.037,21:36:36,0.011424702108158,11.4247021081577,,,,
1475544997.703,1.456168,2016-10-04 01:36:37.703,21:36:38,0.013347094408799,13.3470944087993,,,,
1475544999.026,1.623017,2016-10-04 01:36:39.026,21:36:39,0.014876416131989,14.876416131989,,,,
1475545000.32,1.631681,2016-10-04 01:36:40.320,21:36:40,0.014955829514207,14.9558295142071,,,,
1475545001.611,1.631974,2016-10-04 01:36:41.611,21:36:42,0.01495851512374,14.9585151237397,,,,
1475545002.903,1.596766,2016-10-04 01:36:42.903,21:36:43,0.014635802016499,14.6358020164986,,,,
1475545004.2,1.539373,2016-10-04 01:36:44.200,21:36:44,0.014109743354721,14.1097433547204,,,,
1475545005.491,1.501544,2016-10-04 01:36:45.491,21:36:45,0.013763006416132,13.763006416132,,,,
1475545006.781,1.500427,2016-10-04 01:36:46.781,21:36:47,0.013752768102658,13.7527681026581,,,,
1475545008.421,1.520339,2016-10-04 01:36:48.421,21:36:48,0.013935279560037,13.9352795600367,,,,
1475545009.742,1.577109,2016-10-04 01:36:49.742,21:36:50,0.014455627864345,14.4556278643446,,,,
1475545011.035,1.626516,2016-10-04 01:36:51.035,21:36:51,0.014908487626031,14.9084876260312,,,,
1475545012.328,1.624409,2016-10-04 01:36:52.328,21:36:52,0.014889175068744,14.8891750687443,,,,
1475545013.618,1.62342,2016-10-04 01:36:53.618,21:36:54,0.014880109990834,14.8801099908341,,,,
1475545014.91,1.666707,2016-10-04 01:36:54.910,21:36:55,0.015276874427131,15.2768744271311,,,,
1475545016.203,1.722726,2016-10-04 01:36:56.203,21:36:56,0.015790339138405,15.7903391384051,,,,
1475545017.857,1.755535,2016-10-04 01:36:57.857,21:36:58,0.01609106324473,16.0910632447296,,,,
1475545019.178,1.757551,2016-10-04 01:36:59.178,21:36:59,0.016109541704858,16.1095417048579,,,,
1475545020.476,1.689807,2016-10-04 01:37:00.476,21:37:00,0.015488606782768,15.4886067827681,,,,
1475545021.768,1.520742,2016-10-04 01:37:01.768,21:37:02,0.013938973418882,13.9389734188818,,,,
1475545023.06,1.368219,2016-10-04 01:37:03.060,21:37:03,0.012540962419798,12.5409624197984,,,,
1475545024.353,1.367706,2016-10-04 01:37:04.353,21:37:04,0.012536260311641,12.5362603116407,,,,
1475545025.643,1.366882,2016-10-04 01:37:05.643,21:37:06,0.012528707607699,12.5287076076994,,,,
1475545026.936,1.306283,2016-10-04 01:37:06.936,21:37:07,0.011973263061412,11.9732630614116,,,,
1475545028.576,1.215641,2016-10-04 01:37:08.576,21:37:09,0.011142447296059,11.1424472960587,,,,
1475545029.898,1.203019,2016-10-04 01:37:09.898,21:37:10,0.011026755270394,11.0267552703941,,,,
1475545031.19,1.202671,2016-10-04 01:37:11.190,21:37:11,0.011023565536205,11.0235655362053,,,,
1475545032.483,1.214945,2016-10-04 01:37:12.483,21:37:12,0.011136067827681,11.136067827681,,,,
1475545033.774,1.234931,2016-10-04 01:37:13.774,21:37:14,0.01131925756187,11.3192575618698,,,,
1475545035.066,1.246618,2016-10-04 01:37:15.066,21:37:15,0.011426379468378,11.4263794683776,,,,
1475545036.363,1.241929,2016-10-04 01:37:16.363,21:37:16,0.011383400549954,11.3834005499542,,,,
1475545038.011,1.31383,2016-10-04 01:37:18.011,21:37:18,0.012042438130156,12.0424381301558,,,,
1475545039.336,1.489692,2016-10-04 01:37:19.336,21:37:19,0.013654372135655,13.6543721356554,,,,
1475545040.628,1.63333,2016-10-04 01:37:20.628,21:37:21,0.014970944087993,14.9709440879927,,,,
1475545041.919,1.632652,2016-10-04 01:37:21.919,21:37:22,0.014964729605866,14.9647296058662,,,,
1475545043.21,1.632396,2016-10-04 01:37:23.210,21:37:23,0.014962383134739,14.9623831347388,,,,
1475545044.503,1.5868,2016-10-04 01:37:24.503,21:37:25,0.014544454628781,14.5444546287809,,,,
1475545045.793,1.529114,2016-10-04 01:37:25.793,21:37:26,0.01401571035747,14.0157103574702,,,,
1475545047.084,1.501159,2016-10-04 01:37:27.084,21:37:27,0.013759477543538,13.759477543538,,,,
1475545048.09,1.50028,2016-10-04 01:37:28.090,21:37:28,0.013751420714941,13.7514207149404,,,,
1475545049.413,1.505941,2016-10-04 01:37:29.413,21:37:29,0.013803308890926,13.8033088909258,,,,
1475545050.703,1.560091,2016-10-04 01:37:30.703,21:37:31,0.014299642529789,14.2996425297892,,,,
1475545051.998,1.614883,2016-10-04 01:37:31.998,21:37:32,0.014801860678277,14.8018606782768,,,,
1475545053.29,1.624501,2016-10-04 01:37:33.290,21:37:33,0.014890018331806,14.8900183318057,,,,
1475545054.583,1.624042,2016-10-04 01:37:34.583,21:37:35,0.014885811182402,14.8858111824015,,,,
1475545055.876,1.650294,2016-10-04 01:37:35.876,21:37:36,0.015126434463795,15.1264344637947,,,,
1475545057.169,1.706294,2016-10-04 01:37:37.169,21:37:37,0.015639725022915,15.6397250229148,,,,
1475545058.163,1.748776,2016-10-04 01:37:38.163,21:37:38,0.016029110907424,16.0291109074244,,,,
1475545059.478,1.757093,2016-10-04 01:37:39.478,21:37:39,0.016105343721357,16.1053437213566,,,,
1475545060.771,1.757752,2016-10-04 01:37:40.771,21:37:41,0.016111384051329,16.1113840513291,,,,
1475545062.062,1.662531,2016-10-04 01:37:42.062,21:37:42,0.015238597616865,15.2385976168653,,,,
1475545063.355,1.493319,2016-10-04 01:37:43.355,21:37:43,0.013687616865261,13.6876168652612,,,,
1475545064.648,1.36712,2016-10-04 01:37:44.648,21:37:45,0.012530889092576,12.5308890925756,,,,
1475545065.945,1.36756,2016-10-04 01:37:45.945,21:37:46,0.012534922089826,12.5349220898259,,,,
1475545067.236,1.364152,2016-10-04 01:37:47.236,21:37:47,0.012503684692942,12.5036846929423,,,,
1475545068.873,1.272338,2016-10-04 01:37:48.873,21:37:49,0.011662126489459,11.6621264894592,,,,
1475545070.195,1.206738,2016-10-04 01:37:50.195,21:37:50,0.011060843263062,11.0608432630614,,,,
1475545071.487,1.203349,2016-10-04 01:37:51.487,21:37:51,0.011029780018332,11.0297800183318,,,,
1475545072.779,1.2041,2016-10-04 01:37:52.779,21:37:53,0.011036663611366,11.0366636113657,,,,
1475545074.071,1.218994,2016-10-04 01:37:54.071,21:37:54,0.011173180568286,11.173180568286,,,,
1475545075.363,1.237184,2016-10-04 01:37:55.363,21:37:55,0.011339908340972,11.3399083409716,,,,
1475545076.655,1.24431,2016-10-04 01:37:56.655,21:37:57,0.01140522456462,11.4052245646196,,,,
1475545078.312,1.240903,2016-10-04 01:37:58.312,21:37:58,0.011373996333639,11.3739963336389,,,,
1475545079.635,1.345431,2016-10-04 01:37:59.635,21:38:00,0.012332089825848,12.3320898258478,,,,
1475545080.926,1.518104,2016-10-04 01:38:00.926,21:38:01,0.013914793767186,13.9147937671861,,,,
1475545082.22,1.634503,2016-10-04 01:38:02.220,21:38:02,0.014981695692026,14.9816956920257,,,,
1475545083.513,1.632194,2016-10-04 01:38:03.513,21:38:04,0.014960531622365,14.9605316223648,,,,
1475545084.805,1.630014,2016-10-04 01:38:04.805,21:38:05,0.014940549954171,14.9405499541705,,,,
1475545086.1,1.576816,2016-10-04 01:38:06.100,21:38:06,0.014452942254812,14.4529422548121,,,,
1475545087.456,1.516346,2016-10-04 01:38:07.456,21:38:07,0.013898680109991,13.8986801099908,,,,
1475545088.48,1.500298,2016-10-04 01:38:08.480,21:38:08,0.013751585701192,13.7515857011916,,,,
1475545089.77,1.500921,2016-10-04 01:38:09.770,21:38:10,0.013757296058662,13.7572960586618,,,,
1475545091.063,1.516456,2016-10-04 01:38:11.063,21:38:11,0.013899688359303,13.8996883593034,,,,
1475545092.353,1.570863,2016-10-04 01:38:12.353,21:38:12,0.014398377635197,14.3983776351971,,,,
1475545093.645,1.622815,2016-10-04 01:38:13.645,21:38:14,0.014874564619615,14.874564619615,,,,
1475545094.938,1.62353,2016-10-04 01:38:14.938,21:38:15,0.014881118240147,14.8811182401467,,,,
1475545096.23,1.625417,2016-10-04 01:38:16.230,21:38:16,0.014898414298809,14.8984142988084,,,,
1475545097.598,1.665571,2016-10-04 01:38:17.598,21:38:18,0.015266461961503,15.2664619615032,,,,
1475545099.198,1.734286,2016-10-04 01:38:19.198,21:38:19,0.015896296975252,15.8962969752521,,,,
1475545100.49,1.756855,2016-10-04 01:38:20.490,21:38:20,0.01610316223648,16.1031622364803,,,,
1475545101.781,1.757404,2016-10-04 01:38:21.781,21:38:22,0.01610819431714,16.1081943171402,,,,
1475545103.074,1.713292,2016-10-04 01:38:23.074,21:38:23,0.015703868010999,15.7038680109991,,,,
1475545104.363,1.545418,2016-10-04 01:38:24.363,21:38:24,0.014165151237397,14.1651512373969,,,,
1475545105.655,1.379064,2016-10-04 01:38:25.655,21:38:26,0.012640366636114,12.6403666361137,,,,
1475545106.946,1.366406,2016-10-04 01:38:26.946,21:38:27,0.012524344637947,12.5243446379468,,,,
1475545108.633,1.36243,2016-10-04 01:38:28.633,21:38:29,0.012487901008249,12.4879010082493,,,,
1475545109.316,1.327735,2016-10-04 01:38:29.316,21:38:29,0.012169890009166,12.1698900091659,,,,
1475545110.606,1.253928,2016-10-04 01:38:30.606,21:38:31,0.011493382218149,11.4933822181485,,,,
1475545111.898,1.202671,2016-10-04 01:38:31.898,21:38:32,0.011023565536205,11.0235655362053,,,,
1475545113.195,1.20388,2016-10-04 01:38:33.195,21:38:33,0.011034647112741,11.0346471127406,,,,
1475545114.488,1.207233,2016-10-04 01:38:34.488,21:38:34,0.011065380384968,11.0653803849679,,,,
1475545115.781,1.221448,2016-10-04 01:38:35.781,21:38:36,0.011195673693859,11.1956736938588,,,,
1475545117.071,1.241196,2016-10-04 01:38:37.071,21:38:37,0.011376681943171,11.3766819431714,,,,
1475545118.711,1.241013,2016-10-04 01:38:38.711,21:38:39,0.011375004582952,11.3750045829514,,,,
1475545120.033,1.239291,2016-10-04 01:38:40.033,21:38:40,0.011359220898259,11.3592208982585,,,,
1475545121.323,1.386776,2016-10-04 01:38:41.323,21:38:41,0.012711054078827,12.7110540788268,,,,
1475545122.613,1.559249,2016-10-04 01:38:42.613,21:38:43,0.014291924839597,14.2919248395967,,,,
1475545123.903,1.633623,2016-10-04 01:38:43.903,21:38:44,0.014973629697525,14.9736296975252,,,,
1475545125.195,1.63159,2016-10-04 01:38:45.195,21:38:45,0.014954995417049,14.9549954170486,,,,
1475545126.488,1.620544,2016-10-04 01:38:46.488,21:38:46,0.014853748854262,14.8537488542621,,,,
1475545127.843,1.559743,2016-10-04 01:38:47.843,21:38:48,0.0142964527956,14.2964527956004,,,,
1475545129.43,1.500115,2016-10-04 01:38:49.430,21:38:49,0.013749908340972,13.7499083409716,,,,
1475545130.72,1.501654,2016-10-04 01:38:50.720,21:38:51,0.013764014665445,13.7640146654445,,,,
1475545132.011,1.503962,2016-10-04 01:38:52.011,21:38:52,0.013785169569203,13.7851695692026,,,,
1475545133.301,1.553002,2016-10-04 01:38:53.301,21:38:53,0.014234665444546,14.2346654445463,,,,
1475545134.593,1.60631,2016-10-04 01:38:54.593,21:38:55,0.014723281393217,14.7232813932172,,,,
1475545135.885,1.624739,2016-10-04 01:38:55.885,21:38:56,0.014892199816682,14.8921998166819,,,,
1475545137.176,1.626241,2016-10-04 01:38:57.176,21:38:57,0.01490596700275,14.9059670027498,,,,
1475545138.863,1.661431,2016-10-04 01:38:58.863,21:38:59,0.01522851512374,15.2285151237397,,,,
1475545139.546,1.690797,2016-10-04 01:38:59.546,21:39:00,0.015497681026581,15.4976810265811,,,,
1475545140.836,1.746431,2016-10-04 01:39:00.836,21:39:01,0.016007616865261,16.0076168652612,,,,
1475545142.128,1.757459,2016-10-04 01:39:02.128,21:39:02,0.016108698441797,16.1086984417965,,,,
1475545143.42,1.757386,2016-10-04 01:39:03.420,21:39:03,0.016108029330889,16.1080293308891,,,,
1475545144.716,1.678798,2016-10-04 01:39:04.716,21:39:05,0.015387699358387,15.3876993583868,,,,
1475545146.008,1.51085,2016-10-04 01:39:06.008,21:39:06,0.013848304307974,13.8483043079743,,,,
1475545147.3,1.365984,2016-10-04 01:39:07.300,21:39:07,0.012520476626948,12.5204766269478,,,,
1475545148.94,1.362797,2016-10-04 01:39:08.940,21:39:09,0.012491264894592,12.4912648945921,,,,
1475545150.261,1.353802,2016-10-04 01:39:10.261,21:39:10,0.012408817598534,12.4088175985335,,,,
1475545151.553,1.277816,2016-10-04 01:39:11.553,21:39:12,0.011712337305225,11.7123373052246,,,,
1475545152.845,1.211135,2016-10-04 01:39:12.845,21:39:13,0.011101145737855,11.1011457378552,,,,
1475545154.136,1.204723,2016-10-04 01:39:14.136,21:39:14,0.011042373968836,11.0423739688359,,,,
1475545155.428,1.205438,2016-10-04 01:39:15.428,21:39:15,0.011048927589368,11.0489275893676,,,,
1475545156.681,1.215092,2016-10-04 01:39:16.681,21:39:17,0.011137415215399,11.1374152153987,,,,
1475545158.036,1.232073,2016-10-04 01:39:18.036,21:39:18,0.011293061411549,11.293061411549,,,,
1475545159.658,1.240811,2016-10-04 01:39:19.658,21:39:20,0.011373153070578,11.3731530705775,,,,
1475545160.955,1.238943,2016-10-04 01:39:20.955,21:39:21,0.01135603116407,11.3560311640697,,,,
1475545162.246,1.322495,2016-10-04 01:39:22.246,21:39:22,0.012121860678277,12.1218606782768,,,,
1475545163.538,1.496836,2016-10-04 01:39:23.538,21:39:24,0.013719853345555,13.7198533455545,,,,
1475545164.831,1.635345,2016-10-04 01:39:24.831,21:39:25,0.014989413382218,14.9894133822181,,,,
1475545166.123,1.631462,2016-10-04 01:39:26.123,21:39:26,0.014953822181485,14.9538221814849,,,,
1475545167.478,1.630509,2016-10-04 01:39:27.478,21:39:27,0.014945087076077,14.945087076077,,,,
1475545169.093,1.565972,2016-10-04 01:39:29.093,21:39:29,0.0143535472044,14.3535472043996,,,,
1475545170.385,1.509037,2016-10-04 01:39:30.385,21:39:30,0.013831686526123,13.8316865261228,,,,
1475545171.678,1.501947,2016-10-04 01:39:31.678,21:39:32,0.013766700274977,13.7667002749771,,,,
1475545172.97,1.503229,2016-10-04 01:39:32.970,21:39:33,0.01377845096242,13.7784509624198,,,,
1475545174.26,1.534372,2016-10-04 01:39:34.260,21:39:34,0.014063904674611,14.0639046746104,,,,
1475545175.551,1.587405,2016-10-04 01:39:35.551,21:39:36,0.01455,14.55,,,,
1475545176.848,1.626442,2016-10-04 01:39:36.848,21:39:37,0.014907809349221,14.9078093492209,,,,
1475545178.205,1.62734,2016-10-04 01:39:38.205,21:39:38,0.014916040329973,14.9160403299725,,,,
1475545179.811,1.642343,2016-10-04 01:39:39.811,21:39:40,0.015053556370303,15.0535563703025,,,,
1475545181.103,1.698601,2016-10-04 01:39:41.103,21:39:41,0.015569211732356,15.5692117323556,,,,
1475545182.396,1.752989,2016-10-04 01:39:42.396,21:39:42,0.016067726856095,16.0677268560953,,,,
1475545183.688,1.757367,2016-10-04 01:39:43.688,21:39:44,0.016107855178735,16.1078551787351,,,,
1475545184.98,1.757313,2016-10-04 01:39:44.980,21:39:45,0.016107360219982,16.1073602199817,,,,
1475545186.27,1.657969,2016-10-04 01:39:46.270,21:39:46,0.015196782768103,15.1967827681027,,,,
1475545187.626,1.479745,2016-10-04 01:39:47.626,21:39:48,0.013563198900092,13.5631989000917,,,,
1475545189.248,1.363365,2016-10-04 01:39:49.248,21:39:49,0.012496471127406,12.4964711274061,,,,
1475545190.54,1.361588,2016-10-04 01:39:50.540,21:39:51,0.012480183318057,12.4801833180568,,,,
1475545191.83,1.343104,2016-10-04 01:39:51.830,21:39:52,0.012310760769936,12.3107607699358,,,,
1475545193.126,1.267484,2016-10-04 01:39:53.126,21:39:53,0.011617635197067,11.6176351970669,,,,
1475545194.416,1.206647,2016-10-04 01:39:54.416,21:39:54,0.011060009165903,11.0600091659028,,,,
1475545195.709,1.205786,2016-10-04 01:39:55.709,21:39:56,0.011052117323556,11.0521173235564,,,,
1475545197.003,1.205328,2016-10-04 01:39:57.003,21:39:57,0.011047919340055,11.047919340055,,,,
1475545198.359,1.216429,2016-10-04 01:39:58.359,21:39:58,0.011149670027498,11.1496700274977,,,,
1475545199.968,1.239547,2016-10-04 01:39:59.968,21:40:00,0.011361567369386,11.3615673693859,,,,
1475545201.258,1.239712,2016-10-04 01:40:01.258,21:40:01,0.011363079743355,11.3630797433547,,,,
1475545202.548,1.238723,2016-10-04 01:40:02.548,21:40:03,0.011354014665445,11.3540146654445,,,,
1475545203.841,1.352941,2016-10-04 01:40:03.841,21:40:04,0.012400925756187,12.400925756187,,,,
1475545205.132,1.526311,2016-10-04 01:40:05.132,21:40:05,0.013990018331806,13.9900183318057,,,,
1475545206.423,1.634265,2016-10-04 01:40:06.423,21:40:06,0.014979514207149,14.9795142071494,,,,
1475545207.778,1.630949,2016-10-04 01:40:07.778,21:40:08,0.014949120073327,14.9491200733272,,,,
1475545209.403,1.614205,2016-10-04 01:40:09.403,21:40:09,0.01479564619615,14.7956461961503,,,,
1475545210.695,1.556043,2016-10-04 01:40:10.695,21:40:11,0.014262538955087,14.2625389550871,,,,
1475545211.988,1.503596,2016-10-04 01:40:11.988,21:40:12,0.013781814848763,13.7818148487626,,,,
1475545213.281,1.503651,2016-10-04 01:40:13.281,21:40:13,0.013782318973419,13.7823189734189,,,,
1475545214.571,1.503449,2016-10-04 01:40:14.571,21:40:15,0.013780467461045,13.7804674610449,,,,
1475545215.863,1.543183,2016-10-04 01:40:15.863,21:40:16,0.014144665444546,14.1446654445463,,,,
1475545217.155,1.597608,2016-10-04 01:40:17.155,21:40:17,0.014643519706691,14.6435197066911,,,,
1475545218.512,1.628054,2016-10-04 01:40:18.512,21:40:19,0.014922584784601,14.9225847846013,,,,
1475545220.121,1.628164,2016-10-04 01:40:20.121,21:40:20,0.014923593033914,14.9235930339138,,,,
1475545221.413,1.652418,2016-10-04 01:40:21.413,21:40:21,0.01514590284143,15.1459028414299,,,,
1475545222.705,1.708658,2016-10-04 01:40:22.705,21:40:23,0.015661393217232,15.6613932172319,,,,
1475545223.998,1.757807,2016-10-04 01:40:23.998,21:40:24,0.016111888175985,16.1118881759853,,,,
1475545225.294,1.757734,2016-10-04 01:40:25.294,21:40:25,0.016111219065078,16.1112190650779,,,,
1475545226.585,1.757862,2016-10-04 01:40:26.585,21:40:27,0.016112392300642,16.1123923006416,,,,
1475545227.941,1.62494,2016-10-04 01:40:27.941,21:40:28,0.014894042163153,14.8940421631531,,,,
1475545229.557,1.40788,2016-10-04 01:40:29.557,21:40:30,0.012904491292392,12.9044912923923,,,,
1475545230.848,1.361478,2016-10-04 01:40:30.848,21:40:31,0.012479175068744,12.4791750687443,,,,
1475545232.14,1.361203,2016-10-04 01:40:32.140,21:40:32,0.012476654445463,12.4766544454629,,,,
1475545233.433,1.332644,2016-10-04 01:40:33.433,21:40:33,0.012214885426215,12.2148854262145,,,,
1475545234.723,1.260119,2016-10-04 01:40:34.723,21:40:35,0.01155012832264,11.5501283226398,,,,
1475545236.015,1.206262,2016-10-04 01:40:36.015,21:40:36,0.011056480293309,11.0564802933089,,,,
1475545237.308,1.20661,2016-10-04 01:40:37.308,21:40:37,0.011059670027498,11.0596700274977,,,,
1475545238.665,1.205786,2016-10-04 01:40:38.665,21:40:39,0.011052117323556,11.0521173235564,,,,
1475545240.276,1.220074,2016-10-04 01:40:40.276,21:40:40,0.011183079743355,11.1830797433547,,,,
1475545241.567,1.24072,2016-10-04 01:40:41.567,21:40:42,0.011372318973419,11.3723189734189,,,,
1475545242.859,1.239529,2016-10-04 01:40:42.859,21:40:43,0.011361402383135,11.3614023831347,,,,
1475545244.151,1.239254,2016-10-04 01:40:44.151,21:40:44,0.011358881759853,11.3588817598533,,,,
1475545245.435,1.374118,2016-10-04 01:40:45.435,21:40:45,0.01259503208066,12.5950320806599,,,,
1475545246.678,1.541388,2016-10-04 01:40:46.678,21:40:47,0.014128212648946,14.1282126489459,,,,
1475545248.035,1.633513,2016-10-04 01:40:48.035,21:40:48,0.014972621448213,14.9726214482126,,,,
1475545249.738,1.63104,2016-10-04 01:40:49.738,21:40:50,0.014949954170486,14.9499541704858,,,,
1475545250.388,1.629392,2016-10-04 01:40:50.388,21:40:50,0.014934848762603,14.9348487626031,,,,
1475545251.68,1.576725,2016-10-04 01:40:51.680,21:40:52,0.014452108157654,14.4521081576535,,,,
1475545252.973,1.521109,2016-10-04 01:40:52.973,21:40:53,0.013942337305225,13.9423373052246,,,,
1475545254.265,1.503852,2016-10-04 01:40:54.265,21:40:54,0.01378416131989,13.78416131989,,,,
1475545255.561,1.503981,2016-10-04 01:40:55.561,21:40:56,0.013785343721357,13.7853437213566,,,,
1475545256.854,1.524351,2016-10-04 01:40:56.854,21:40:57,0.013972053162237,13.9720531622365,,,,
1475545258.21,1.581836,2016-10-04 01:40:58.210,21:40:58,0.014498955087076,14.4989550870761,,,,
1475545259.814,1.629813,2016-10-04 01:40:59.814,21:41:00,0.014938707607699,14.9387076076994,,,,
1475545261.106,1.628512,2016-10-04 01:41:01.106,21:41:01,0.014926782768103,14.9267827681027,,,,
1475545262.398,1.634118,2016-10-04 01:41:02.398,21:41:02,0.014978166819432,14.9781668194317,,,,
1475545263.69,1.689569,2016-10-04 01:41:03.690,21:41:04,0.015486425297892,15.4864252978918,,,,
1475545264.983,1.744379,2016-10-04 01:41:04.983,21:41:05,0.015988808432631,15.9888084326306,,,,
1475545266.273,1.758155,2016-10-04 01:41:06.273,21:41:06,0.016115077910174,16.1150779101742,,,,
1475545267.63,1.758082,2016-10-04 01:41:07.630,21:41:08,0.016114408799267,16.1144087992667,,,,
1475545268.953,1.682627,2016-10-04 01:41:08.953,21:41:09,0.015422795600367,15.4227956003666,,,,
1475545270.533,1.472344,2016-10-04 01:41:10.533,21:41:11,0.013495362053162,13.4953620531622,,,,
1475545271.829,1.36124,2016-10-04 01:41:11.829,21:41:12,0.012476993583868,12.476993583868,,,,
1475545273.12,1.361551,2016-10-04 01:41:13.120,21:41:13,0.012479844179652,12.4798441796517,,,,
1475545274.411,1.359078,2016-10-04 01:41:14.411,21:41:14,0.012457176901925,12.4571769019248,,,,
1475545275.703,1.286957,2016-10-04 01:41:15.703,21:41:16,0.011796122823098,11.7961228230981,,,,
1475545276.996,1.220404,2016-10-04 01:41:16.996,21:41:17,0.011186104491292,11.1861044912924,,,,
1475545278.351,1.20672,2016-10-04 01:41:18.351,21:41:18,0.01106067827681,11.0606782768103,,,,
1475545279.968,1.203349,2016-10-04 01:41:19.968,21:41:20,0.011029780018332,11.0297800183318,,,,
1475545281.258,1.21282,2016-10-04 01:41:21.258,21:41:21,0.011116590284143,11.116590284143,,,,
1475545282.55,1.23167,2016-10-04 01:41:22.550,21:41:23,0.011289367552704,11.2893675527039,,,,
1475545283.841,1.240097,2016-10-04 01:41:23.841,21:41:24,0.011366608615949,11.3666086159487,,,,
1475545285.133,1.239621,2016-10-04 01:41:25.133,21:41:25,0.011362245646196,11.3622456461962,,,,
1475545286.426,1.30806,2016-10-04 01:41:26.426,21:41:26,0.011989550870761,11.9895508707608,,,,
1475545287.793,1.493117,2016-10-04 01:41:27.793,21:41:28,0.013685765352887,13.6857653528873,,,,
1475545289.115,1.63518,2016-10-04 01:41:29.115,21:41:29,0.014987901008249,14.9879010082493,,,,
1475545290.685,1.631334,2016-10-04 01:41:30.685,21:41:31,0.014952648945921,14.9526489459212,,,,
1475545291.977,1.627413,2016-10-04 01:41:31.977,21:41:32,0.01491670944088,14.9167094408799,,,,
1475545293.269,1.573153,2016-10-04 01:41:33.269,21:41:33,0.014419367552704,14.4193675527039,,,,
1475545294.561,1.518178,2016-10-04 01:41:34.561,21:41:35,0.013915472043996,13.9154720439963,,,,
1475545295.853,1.5042,2016-10-04 01:41:35.853,21:41:36,0.013787351054079,13.7873510540788,,,,
1475545297.143,1.503779,2016-10-04 01:41:37.143,21:41:37,0.013783492208983,13.7834922089826,,,,
1475545298.5,1.532082,2016-10-04 01:41:38.500,21:41:39,0.014042914757104,14.0429147571036,,,,
1475545300.123,1.601932,2016-10-04 01:41:40.123,21:41:40,0.014683153070578,14.6831530705775,,,,
1475545301.416,1.630033,2016-10-04 01:41:41.416,21:41:41,0.014940724106325,14.9407241063245,,,,
1475545302.708,1.628952,2016-10-04 01:41:42.708,21:41:43,0.014930815765353,14.9308157653529,,,,
1475545304.006,1.639357,2016-10-04 01:41:44.006,21:41:44,0.015026186984418,15.026186984418,,,,
1475545305.298,1.695926,2016-10-04 01:41:45.298,21:41:45,0.015544692942255,15.5446929422548,,,,
1475545306.588,1.74971,2016-10-04 01:41:46.588,21:41:47,0.016037671860678,16.0376718606783,,,,
1475545307.943,1.758613,2016-10-04 01:41:47.943,21:41:48,0.016119275893676,16.1192758936755,,,,
1475545309.266,1.75832,2016-10-04 01:41:49.266,21:41:49,0.016116590284143,16.116590284143,,,,
1475545310.841,1.629172,2016-10-04 01:41:50.841,21:41:51,0.014932832263978,14.932832263978,,,,
1475545312.133,1.457066,2016-10-04 01:41:52.133,21:41:52,0.013355325389551,13.3553253895509,,,,
1475545313.423,1.36135,2016-10-04 01:41:53.423,21:41:53,0.012478001833181,12.4780018331806,,,,
1475545314.713,1.361808,2016-10-04 01:41:54.713,21:41:55,0.012482199816682,12.4821998166819,,,,
1475545316.005,1.3571,2016-10-04 01:41:56.005,21:41:56,0.012439046746105,12.4390467461045,,,,
1475545317.296,1.282908,2016-10-04 01:41:57.296,21:41:57,0.011759010082493,11.7590100824931,,,,
1475545318.65,1.213553,2016-10-04 01:41:58.650,21:41:59,0.011123308890926,11.1233088909258,,,,
1475545320.275,1.205694,2016-10-04 01:42:00.275,21:42:00,0.011051274060495,11.051274060495,,,,
1475545321.566,1.2017,2016-10-04 01:42:01.566,21:42:02,0.011014665444546,11.0146654445463,,,,
1475545322.856,1.211739,2016-10-04 01:42:02.856,21:42:03,0.011106681943171,11.1066819431714,,,,
1475545324.148,1.233612,2016-10-04 01:42:04.148,21:42:04,0.011307167736022,11.307167736022,,,,
1475545325.441,1.239932,2016-10-04 01:42:05.441,21:42:05,0.01136509624198,11.3650962419798,,,,
1475545326.734,1.240152,2016-10-04 01:42:06.734,21:42:07,0.011367112740605,11.3671127406049,,,,
1475545328.096,1.332791,2016-10-04 01:42:08.096,21:42:08,0.012216232813932,12.2162328139322,,,,
1475545329.42,1.510246,2016-10-04 01:42:09.420,21:42:09,0.013842768102658,13.8427681026581,,,,
1475545330.995,1.633953,2016-10-04 01:42:10.995,21:42:11,0.014976654445463,14.9766544454629,,,,
1475545332.286,1.630784,2016-10-04 01:42:12.286,21:42:12,0.014947607699358,14.9476076993584,,,,
1475545333.578,1.624849,2016-10-04 01:42:13.578,21:42:14,0.014893208065995,14.8932080659945,,,,
1475545334.871,1.568646,2016-10-04 01:42:14.871,21:42:15,0.014378056828598,14.3780568285976,,,,
1475545336.169,1.512737,2016-10-04 01:42:16.169,21:42:16,0.013865600366636,13.8656003666361,,,,
1475545337.525,1.503981,2016-10-04 01:42:17.525,21:42:18,0.013785343721357,13.7853437213566,,,,
1475545338.848,1.504054,2016-10-04 01:42:18.848,21:42:19,0.013786012832264,13.786012832264,,,,
1475545340.433,1.551958,2016-10-04 01:42:20.433,21:42:20,0.01422509624198,14.2250962419798,,,,
1475545341.725,1.607446,2016-10-04 01:42:21.725,21:42:22,0.014733693858845,14.7336938588451,,,,
1475545343.018,1.629758,2016-10-04 01:42:23.018,21:42:23,0.014938203483043,14.9382034830431,,,,
1475545344.311,1.629886,2016-10-04 01:42:24.311,21:42:24,0.014939376718607,14.9393767186068,,,,
1475545345.603,1.644798,2016-10-04 01:42:25.603,21:42:26,0.015076058661778,15.0760586617782,,,,
1475545346.893,1.700725,2016-10-04 01:42:26.893,21:42:27,0.015588680109991,15.5886801099908,,,,
1475545348.25,1.754986,2016-10-04 01:42:28.250,21:42:28,0.01608603116407,16.0860311640697,,,,
1475545349.573,1.75799,2016-10-04 01:42:29.573,21:42:30,0.016113565536205,16.1135655362053,,,,
1475545351.151,1.754821,2016-10-04 01:42:31.151,21:42:31,0.016084518790101,16.0845187901008,,,,
1475545352.448,1.611055,2016-10-04 01:42:32.448,21:42:32,0.0147667736022,14.7667736021998,,,,
1475545353.74,1.440377,2016-10-04 01:42:33.740,21:42:34,0.01320235563703,13.2023556370302,,,,
1475545355.033,1.361185,2016-10-04 01:42:35.033,21:42:35,0.012476489459212,12.4764894592117,,,,
1475545356.325,1.362943,2016-10-04 01:42:36.325,21:42:36,0.012492603116407,12.492603116407,,,,
1475545357.682,1.347336,2016-10-04 01:42:37.682,21:42:38,0.012349550870761,12.3495508707608,,,,
1475545359.006,1.270854,2016-10-04 01:42:39.006,21:42:39,0.011648524289643,11.6485242896425,,,,
1475545360.586,1.206335,2016-10-04 01:42:40.586,21:42:41,0.011057149404216,11.0571494042163,,,,
1475545361.878,1.203074,2016-10-04 01:42:41.878,21:42:42,0.011027259395051,11.0272593950504,,,,
1475545363.17,1.20018,2016-10-04 01:42:43.170,21:42:43,0.011000733272227,11.0007332722273,,,,
1475545364.461,1.21249,2016-10-04 01:42:44.461,21:42:44,0.011113565536205,11.1135655362053,,,,
1475545365.753,1.23603,2016-10-04 01:42:45.753,21:42:46,0.011329330889093,11.3293308890926,,,,
1475545367.045,1.239932,2016-10-04 01:42:47.045,21:42:47,0.01136509624198,11.3650962419798,,,,
1475545368.405,1.240408,2016-10-04 01:42:48.405,21:42:48,0.011369459211732,11.3694592117324,,,,
1475545369.728,1.352593,2016-10-04 01:42:49.728,21:42:50,0.012397736021998,12.3977360219982,,,,
1475545370.754,1.490534,2016-10-04 01:42:50.754,21:42:51,0.013662089825848,13.6620898258478,,,,
1475545372.046,1.635199,2016-10-04 01:42:52.046,21:42:52,0.014988075160403,14.9880751604033,,,,
1475545373.338,1.631535,2016-10-04 01:42:53.338,21:42:53,0.014954491292392,14.9544912923923,,,,
1475545374.63,1.631242,2016-10-04 01:42:54.630,21:42:55,0.01495180568286,14.9518056828598,,,,
1475545375.921,1.588394,2016-10-04 01:42:55.921,21:42:56,0.01455906507791,14.5590650779102,,,,
1475545377.213,1.531624,2016-10-04 01:42:57.213,21:42:57,0.014038716773602,14.0387167736022,,,,
1475545378.568,1.503193,2016-10-04 01:42:58.568,21:42:59,0.013778120989918,13.7781209899175,,,,
1475545379.89,1.504732,2016-10-04 01:42:59.890,21:43:00,0.013792227314391,13.7922273143905,,,,
1475545381.475,1.534317,2016-10-04 01:43:01.475,21:43:01,0.014063400549954,14.0634005499542,,,,
1475545382.765,1.588889,2016-10-04 01:43:02.765,21:43:03,0.014563602199817,14.5636021998167,,,,
1475545384.062,1.630894,2016-10-04 01:43:04.062,21:43:04,0.014948615948671,14.9486159486709,,,,
1475545385.355,1.630234,2016-10-04 01:43:05.355,21:43:05,0.014942566452796,14.9425664527956,,,,
1475545386.648,1.632927,2016-10-04 01:43:06.648,21:43:07,0.014967250229148,14.9672502291476,,,,
1475545388.006,1.685576,2016-10-04 01:43:08.006,21:43:08,0.015449825847846,15.449825847846,,,,
1475545389.329,1.740349,2016-10-04 01:43:09.329,21:43:09,0.01595186984418,15.9518698441797,,,,
1475545390.911,1.756653,2016-10-04 01:43:10.911,21:43:11,0.016101310724106,16.1013107241063,,,,
1475545392.201,1.754235,2016-10-04 01:43:12.201,21:43:12,0.016079147571036,16.0791475710357,,,,
1475545393.491,1.667953,2016-10-04 01:43:13.491,21:43:13,0.015288295142072,15.2882951420715,,,,
1475545394.781,1.498576,2016-10-04 01:43:14.781,21:43:15,0.013735802016499,13.7358020164986,,,,
1475545396.042,1.360965,2016-10-04 01:43:16.042,21:43:16,0.012474472960587,12.4744729605866,,,,
1475545397.398,1.363493,2016-10-04 01:43:17.398,21:43:17,0.01249764436297,12.4976443629698,,,,
1475545398.72,1.365508,2016-10-04 01:43:18.720,21:43:19,0.012516113657195,12.5161136571952,,,,
1475545400.018,1.297362,2016-10-04 01:43:20.018,21:43:20,0.011891494042163,11.8914940421632,,,,
1475545401.631,1.2126,2016-10-04 01:43:21.631,21:43:22,0.011114573785518,11.1145737855179,,,,
1475545402.923,1.202635,2016-10-04 01:43:22.923,21:43:23,0.011023235563703,11.023235563703,,,,
1475545404.215,1.197487,2016-10-04 01:43:24.215,21:43:24,0.010976049495875,10.9760494958753,,,,
1475545405.505,1.206848,2016-10-04 01:43:25.505,21:43:26,0.011061851512374,11.061851512374,,,,
1475545406.796,1.227109,2016-10-04 01:43:26.796,21:43:27,0.011247561869844,11.2475618698442,,,,
1475545408.151,1.24017,2016-10-04 01:43:28.151,21:43:28,0.011367277726856,11.3672777268561,,,,
1475545409.473,1.240335,2016-10-04 01:43:29.473,21:43:29,0.011368790100825,11.3687901008249,,,,
1475545411.068,1.334366,2016-10-04 01:43:31.068,21:43:31,0.012230669110908,12.2306691109074,,,,
1475545412.361,1.508505,2016-10-04 01:43:32.361,21:43:32,0.013826810265811,13.8268102658112,,,,
1475545413.653,1.636096,2016-10-04 01:43:33.653,21:43:34,0.014996296975252,14.9962969752521,,,,
1475545414.95,1.632231,2016-10-04 01:43:34.950,21:43:35,0.01496087076077,14.9608707607699,,,,
1475545416.243,1.631718,2016-10-04 01:43:36.243,21:43:36,0.014956168652612,14.9561686526123,,,,
1475545417.601,1.579051,2016-10-04 01:43:37.601,21:43:38,0.014473428047663,14.4734280476627,,,,
1475545418.924,1.520706,2016-10-04 01:43:38.924,21:43:39,0.01393864344638,13.9386434463795,,,,
1475545420.218,1.504054,2016-10-04 01:43:40.218,21:43:40,0.013786012832264,13.786012832264,,,,
1475545421.786,1.506234,2016-10-04 01:43:41.786,21:43:42,0.013805994500458,13.8059945004583,,,,
1475545423.078,1.540362,2016-10-04 01:43:43.078,21:43:43,0.014118808432631,14.1188084326306,,,,
1475545424.37,1.595062,2016-10-04 01:43:44.370,21:43:44,0.014620183318057,14.6201833180568,,,,
1475545425.661,1.630967,2016-10-04 01:43:45.661,21:43:46,0.014949285059578,14.9492850595784,,,,
1475545426.953,1.631224,2016-10-04 01:43:46.953,21:43:47,0.014951640696609,14.9516406966086,,,,
1475545428.31,1.63802,2016-10-04 01:43:48.310,21:43:48,0.015013932172319,15.013932172319,,,,
1475545429.631,1.693013,2016-10-04 01:43:49.631,21:43:50,0.015517992667278,15.5179926672777,,,,
1475545431.221,1.754894,2016-10-04 01:43:51.221,21:43:51,0.016085187901008,16.0851879010083,,,,
1475545432.509,1.753868,2016-10-04 01:43:52.509,21:43:53,0.016075783684693,16.0757836846929,,,,
1475545433.798,1.751963,2016-10-04 01:43:53.798,21:43:54,0.01605832263978,16.05832263978,,,,
1475545435.09,1.646593,2016-10-04 01:43:55.090,21:43:55,0.015092511457379,15.0925114573786,,,,
1475545436.381,1.476356,2016-10-04 01:43:56.381,21:43:56,0.013532135655362,13.5321356553621,,,,
1475545437.736,1.362394,2016-10-04 01:43:57.736,21:43:58,0.012487571035747,12.487571035747,,,,
1475545439.06,1.365087,2016-10-04 01:43:59.060,21:43:59,0.012512254812099,12.512254812099,,,,
1475545440.353,1.361057,2016-10-04 01:44:00.353,21:44:00,0.012475316223648,12.475316223648,,,,
1475545441.935,1.268656,2016-10-04 01:44:01.935,21:44:02,0.011628377635197,11.6283776351971,,,,
1475545443.226,1.206005,2016-10-04 01:44:03.226,21:44:03,0.011054124656279,11.0541246562786,,,,
1475545444.517,1.199704,2016-10-04 01:44:04.517,21:44:05,0.010996370302475,10.9963703024748,,,,
1475545445.808,1.19538,2016-10-04 01:44:05.808,21:44:06,0.010956736938589,10.9567369385885,,,,
1475545447.101,1.208863,2016-10-04 01:44:07.101,21:44:07,0.0110803208066,11.0803208065995,,,,
1475545448.457,1.231982,2016-10-04 01:44:08.457,21:44:08,0.011292227314391,11.2922273143905,,,,
1475545449.78,1.239822,2016-10-04 01:44:09.780,21:44:10,0.011364087992667,11.3640879926673,,,,
1475545451.372,1.240225,2016-10-04 01:44:11.372,21:44:11,0.011367781851512,11.3677818515124,,,,
1475545452.664,1.362321,2016-10-04 01:44:12.664,21:44:13,0.01248690192484,12.4869019248396,,,,
1475545453.955,1.536057,2016-10-04 01:44:13.955,21:44:14,0.014079349220898,14.0793492208983,,,,
1475545455.248,1.636225,2016-10-04 01:44:15.248,21:44:15,0.014997479376719,14.9974793767186,,,,
1475545456.54,1.632433,2016-10-04 01:44:16.540,21:44:17,0.014962722273144,14.9627222731439,,,,
1475545457.893,1.625948,2016-10-04 01:44:17.893,21:44:18,0.014903281393217,14.9032813932172,,,,
1475545459.214,1.567767,2016-10-04 01:44:19.214,21:44:19,0.01437,14.37,,,,
1475545460.508,1.511565,2016-10-04 01:44:20.508,21:44:21,0.013854857928506,13.854857928506,,,,
1475545462.088,1.505373,2016-10-04 01:44:22.088,21:44:22,0.013798102658112,13.7981026581118,,,,
1475545463.386,1.505941,2016-10-04 01:44:23.386,21:44:23,0.013803308890926,13.8033088909258,,,,
1475545464.678,1.549814,2016-10-04 01:44:24.678,21:44:25,0.014205444546288,14.2054445462878,,,,
1475545465.969,1.605229,2016-10-04 01:44:25.969,21:44:26,0.014713373052246,14.7133730522456,,,,
1475545467.26,1.631352,2016-10-04 01:44:27.260,21:44:27,0.014952813932172,14.9528139321723,,,,
1475545468.616,1.632066,2016-10-04 01:44:28.616,21:44:29,0.014959358386801,14.9593583868011,,,,
1475545469.938,1.648828,2016-10-04 01:44:29.938,21:44:30,0.015112997250229,15.1129972502291,,,,
1475545471.525,1.714611,2016-10-04 01:44:31.525,21:44:32,0.015715957836847,15.7159578368469,,,,
1475545472.815,1.753997,2016-10-04 01:44:32.815,21:44:33,0.01607696608616,16.0769660861595,,,,
1475545474.108,1.751157,2016-10-04 01:44:34.108,21:44:34,0.01605093492209,16.0509349220898,,,,
1475545475.399,1.752037,2016-10-04 01:44:35.399,21:44:35,0.01605900091659,16.0590009165903,,,,
1475545476.683,1.613381,2016-10-04 01:44:36.683,21:44:37,0.014788093492209,14.788093492209,,,,
1475545478.04,1.434387,2016-10-04 01:44:38.040,21:44:38,0.01314745187901,13.1474518790101,,,,
1475545479.369,1.363859,2016-10-04 01:44:39.369,21:44:39,0.01250099908341,12.5009990834097,,,,
1475545480.661,1.365893,2016-10-04 01:44:40.661,21:44:41,0.012519642529789,12.5196425297892,,,,
1475545482.241,1.328632,2016-10-04 01:44:42.241,21:44:42,0.012178111824015,12.1781118240147,,,,
1475545483.533,1.25325,2016-10-04 01:44:43.533,21:44:44,0.011487167736022,11.487167736022,,,,
1475545484.823,1.201059,2016-10-04 01:44:44.823,21:44:45,0.011008790100825,11.0087901008249,,,,
1475545486.111,1.196736,2016-10-04 01:44:46.111,21:44:46,0.010969165902842,10.9691659028414,,,,
1475545487.465,1.197707,2016-10-04 01:44:47.465,21:44:47,0.010978065994501,10.9780659945005,,,,
1475545488.788,1.213681,2016-10-04 01:44:48.788,21:44:49,0.01112448212649,11.1244821264895,,,,
1475545490.079,1.237569,2016-10-04 01:44:50.079,21:44:50,0.011343437213566,11.3434372135655,,,,
1475545491.666,1.239712,2016-10-04 01:44:51.666,21:44:52,0.011363079743355,11.3630797433547,,,,
1475545492.958,1.242716,2016-10-04 01:44:52.958,21:44:53,0.01139061411549,11.3906141154904,,,,
1475545494.25,1.400277,2016-10-04 01:44:54.250,21:44:54,0.012834802933089,12.8348029330889,,,,
1475545495.609,1.583942,2016-10-04 01:44:55.609,21:44:56,0.01451825847846,14.5182584784601,,,,
1475545496.901,1.636115,2016-10-04 01:44:56.901,21:44:57,0.014996471127406,14.9964711274061,,,,
1475545498.271,1.631828,2016-10-04 01:44:58.271,21:44:58,0.014957176901925,14.9571769019248,,,,
1475545499.595,1.608783,2016-10-04 01:44:59.595,21:45:00,0.014745948670944,14.7459486709441,,,,
1475545500.885,1.551371,2016-10-04 01:45:00.885,21:45:01,0.014219715857012,14.2197158570119,,,,
1475545502.387,1.503962,2016-10-04 01:45:02.387,21:45:02,0.013785169569203,13.7851695692026,,,,
1475545503.678,1.505739,2016-10-04 01:45:03.678,21:45:04,0.013801457378552,13.8014573785518,,,,
1475545504.968,1.509385,2016-10-04 01:45:04.968,21:45:05,0.013834876260312,13.8348762603116,,,,
1475545506.261,1.562509,2016-10-04 01:45:06.261,21:45:06,0.01432180568286,14.3218056828598,,,,
1475545507.615,1.621661,2016-10-04 01:45:07.615,21:45:08,0.014863987167736,14.863987167736,,,,
1475545508.937,1.632469,2016-10-04 01:45:08.937,21:45:09,0.014963052245646,14.9630522456462,,,,
1475545510.228,1.633404,2016-10-04 01:45:10.228,21:45:10,0.014971622364803,14.9716223648029,,,,
1475545511.815,1.674401,2016-10-04 01:45:11.815,21:45:12,0.015347396883593,15.347396883593,,,,
1475545513.103,1.724302,2016-10-04 01:45:13.103,21:45:13,0.015804784601283,15.8047846012832,,,,
1475545514.396,1.751304,2016-10-04 01:45:14.396,21:45:14,0.016052282309808,16.0522823098075,,,,
1475545515.688,1.751689,2016-10-04 01:45:15.688,21:45:16,0.016055811182402,16.0558111824015,,,,
1475545516.978,1.734744,2016-10-04 01:45:16.978,21:45:17,0.015900494958754,15.9004949587534,,,,
1475545518.333,1.561447,2016-10-04 01:45:18.333,21:45:18,0.014312071494042,14.3120714940422,,,,
1475545519.656,1.386886,2016-10-04 01:45:19.656,21:45:20,0.012712062328139,12.7120623281393,,,,
1475545520.948,1.365581,2016-10-04 01:45:20.948,21:45:21,0.012516782768103,12.5167827681027,,,,
1475545522.531,1.367029,2016-10-04 01:45:22.531,21:45:23,0.012530054995417,12.5300549954171,,,,
1475545523.822,1.307474,2016-10-04 01:45:23.822,21:45:24,0.011984179651696,11.9841796516957,,,,
1475545525.114,1.232824,2016-10-04 01:45:25.114,21:45:25,0.011299945004583,11.299945004583,,,,
1475545526.405,1.197597,2016-10-04 01:45:26.405,21:45:26,0.010977057745188,10.9770577451879,,,,
1475545527.766,1.194391,2016-10-04 01:45:27.766,21:45:28,0.010947671860678,10.9476718606783,,,,
1475545529.086,1.201774,2016-10-04 01:45:29.086,21:45:29,0.011015343721357,11.0153437213566,,,,
1475545530.38,1.219012,2016-10-04 01:45:30.380,21:45:30,0.011173345554537,11.1733455545371,,,,
1475545531.968,1.239676,2016-10-04 01:45:31.968,21:45:32,0.011362749770853,11.3627497708524,,,,
1475545533.261,1.240243,2016-10-04 01:45:33.261,21:45:33,0.011367946837764,11.3679468377635,,,,
1475545534.555,1.274958,2016-10-04 01:45:34.555,21:45:35,0.011686141154904,11.6861411549038,,,,
1475545535.846,1.453164,2016-10-04 01:45:35.846,21:45:36,0.013319560036664,13.3195600366636,,,,
1475545537.137,1.623511,2016-10-04 01:45:37.137,21:45:37,0.014880944087993,14.8809440879927,,,,
1475545538.493,1.635309,2016-10-04 01:45:38.493,21:45:38,0.014989083409716,14.9890834097159,,,,
1475545539.816,1.631187,2016-10-04 01:45:39.816,21:45:40,0.014951301558204,14.9513015582035,,,,
1475545541.11,1.595062,2016-10-04 01:45:41.110,21:45:41,0.014620183318057,14.6201833180568,,,,
1475545542.686,1.526513,2016-10-04 01:45:42.686,21:45:43,0.01399186984418,13.9918698441797,,,,
1475545543.981,1.50497,2016-10-04 01:45:43.981,21:45:44,0.013794408799267,13.7944087992667,,,,
1475545545.272,1.505208,2016-10-04 01:45:45.272,21:45:45,0.013796590284143,13.796590284143,,,,
1475545546.565,1.524388,2016-10-04 01:45:46.565,21:45:47,0.013972392300642,13.9723923006416,,,,
1475545547.921,1.582715,2016-10-04 01:45:47.921,21:45:48,0.014507011915674,14.5070119156737,,,,
1475545549.242,1.632909,2016-10-04 01:45:49.242,21:45:49,0.014967085242897,14.9670852428964,,,,
1475545550.533,1.633202,2016-10-04 01:45:50.533,21:45:51,0.014969770852429,14.969770852429,,,,
1475545552.123,1.638423,2016-10-04 01:45:52.123,21:45:52,0.015017626031164,15.0176260311641,,,,
1475545553.416,1.687572,2016-10-04 01:45:53.416,21:45:53,0.015468120989918,15.4681209899175,,,,
1475545554.708,1.737418,2016-10-04 01:45:54.708,21:45:55,0.015925004582952,15.9250045829514,,,,
1475545556.001,1.751139,2016-10-04 01:45:56.001,21:45:56,0.016050769935839,16.0507699358387,,,,
1475545557.29,1.75222,2016-10-04 01:45:57.290,21:45:57,0.01606067827681,16.0606782768103,,,,
