UTC TIME SEC  ,CH1 AMPS DC  ,CH2 VOLT DC  
1475544487.639,-1.923242E-05, 1.374686E000  
1475544488.373,-2.884864E-05, 1.373825E000
1475544489.696,-2.884864E-05, 1.333505E000
1475544490.986,-9.616215E-06, 1.262904E000
1475544492.466,-2.884864E-05, 1.218261E000
1475544493.815,-3.365675E-05, 1.217107E000
1475544495.106,-2.404053E-05, 1.224013E000
1475544496.395,-3.365675E-05, 1.241434E000
1475544497.750,-2.404053E-05, 1.265945E000
1475544499.075,-2.884864E-05, 1.257701E000
1475544500.366,-2.404053E-05, 1.259607E000
1475544501.658,-2.884864E-05, 1.410316E000
1475544502.950,-1.923242E-05, 1.572237E000
1475544504.531, 4.808107E-06, 1.627120E000
1475544505.823,-3.365675E-05, 1.626516E000
1475544507.113,-2.404053E-05, 1.597242E000
1475544508.468,-1.442432E-05, 1.541314E000
1475544509.791,-1.923242E-05, 1.503632E000
1475544511.083,-1.923242E-05, 1.502955E000
1475544512.375,-3.846485E-05, 1.507351E000
1475544513.968,-3.365675E-05, 1.569361E000
1475544515.265,-2.404053E-05, 1.619683E000
1475544516.556,-2.404053E-05, 1.620287E000
1475544517.915,-3.365675E-05, 1.618803E000
1475544519.238,-1.923242E-05, 1.658794E000
1475544520.530,-2.404053E-05, 1.709079E000
1475544521.821,-1.923242E-05, 1.735806E000
1475544523.115,-1.923242E-05, 1.735934E000
1475544524.686,-2.884864E-05, 1.681143E000
1475544525.978,-2.404053E-05, 1.518544E000
1475544527.270,-1.923242E-05, 1.362321E000
1475544528.626,-3.365675E-05, 1.357466E000
1475544529.950,-2.884864E-05, 1.358877E000
1475544531.246,-3.846485E-05, 1.301282E000
1475544532.538,-2.404053E-05, 1.232440E000
1475544534.122,-1.442432E-05, 1.201536E000
1475544535.413,-2.404053E-05, 1.200675E000
1475544536.669,-2.404053E-05, 1.211245E000
1475544538.026,-2.404053E-05, 1.232678E000
1475544539.351,-2.884864E-05, 1.248322E000
1475544540.640,-2.884864E-05, 1.247058E000
1475544541.931,-2.884864E-05, 1.272137E000
1475544543.223,-2.884864E-05, 1.437336E000
1475544544.839,-1.923242E-05, 1.619481E000
1475544546.130,-9.616215E-06, 1.620690E000
1475544547.489,-3.365675E-05, 1.623750E000
1475544548.811,-4.327297E-05, 1.580755E000
1475544550.103,-9.616215E-06, 1.527081E000
1475544551.394,-2.884864E-05, 1.504805E000
1475544552.685,-1.923242E-05, 1.503797E000
1475544554.275,-1.923242E-05, 1.531770E000
1475544555.566,-9.616215E-06, 1.584144E000
1475544556.856,-3.365675E-05, 1.623035E000
1475544558.213,-1.923242E-05, 1.622870E000
1475544559.535,-1.923242E-05, 1.625160E000
1475544560.825,-1.923242E-05, 1.674859E000
1475544562.123,-9.616215E-06, 1.726921E000
1475544563.415,-5.224385E-32, 1.741119E000
1475544564.995,-1.923242E-05, 1.742474E000
1475544566.288,-9.616215E-06, 1.645402E000
1475544567.643,-5.224385E-32, 1.470823E000
1475544568.966,-1.923242E-05, 1.361478E000
1475544570.260,-1.442432E-05, 1.361863E000
1475544571.551,-9.616215E-06, 1.359390E000
1475544572.842,-2.884864E-05, 1.286847E000
1475544574.428, 9.616215E-06, 1.209596E000
1475544575.718,-2.884864E-05, 1.206720E000
1475544577.010,-2.884864E-05, 1.207031E000
1475544578.380,-2.404053E-05, 1.223482E000
1475544579.703,-9.616215E-06, 1.248084E000
1475544580.993,-1.923242E-05, 1.254038E000
1475544582.286,-1.442432E-05, 1.249678E000
1475544583.576,-2.884864E-05, 1.329127E000
1475544585.146,-9.616215E-06, 1.532705E000
1475544586.438,-1.442432E-05, 1.626955E000
1475544587.791,-9.616215E-06, 1.627706E000
1475544589.113,-2.884864E-05, 1.622540E000
1475544590.405,-2.884864E-05, 1.568793E000
1475544591.696,-2.404053E-05, 1.513781E000
1475544592.988,-1.923242E-05, 1.505977E000
1475544594.583,-3.365675E-05, 1.503706E000
1475544595.875,-3.365675E-05, 1.548239E000
1475544597.166,-5.224385E-32, 1.602408E000
1475544598.524,-5.224385E-32, 1.623987E000
1475544599.846,-5.224385E-32, 1.622632E000
1475544601.137,-1.442432E-05, 1.639192E000
1475544602.430,-5.224385E-32, 1.691071E000
1475544603.721,-4.808107E-06, 1.740038E000
1475544605.301,-1.442432E-05, 1.743354E000
1475544606.589,-4.808107E-06, 1.743793E000
1475544607.943,-5.224385E-32, 1.589603E000
1475544609.266,-9.616215E-06, 1.415665E000
1475544610.563,-3.846485E-05, 1.362595E000
1475544611.854,-5.224385E-32, 1.363933E000
1475544613.146,-1.923242E-05, 1.339715E000
1475544614.730,-1.923242E-05, 1.250942E000
1475544616.020,-9.616215E-06, 1.208478E000
1475544617.313,-5.224385E-32, 1.207489E000
1475544618.670,-4.808107E-06, 1.213370E000
1475544619.994,-4.808107E-06, 1.230846E000
1475544621.286,-5.224385E-32, 1.255320E000
1475544622.573, 4.808107E-06, 1.251583E000
1475544623.865,-2.884864E-05, 1.245226E000
1475544625.441,-4.808107E-06, 1.413119E000
1475544626.738,-4.808107E-06, 1.582422E000
1475544628.093,-9.616215E-06, 1.628274E000
1475544629.413,-1.442432E-05, 1.630143E000
1475544630.703,-1.923242E-05, 1.608636E000
1475544631.993,-1.923242E-05, 1.554394E000
1475544633.285,-1.442432E-05, 1.507260E000
1475544634.870,-9.616215E-06, 1.504915E000
1475544636.160, 4.808107E-06, 1.510850E000
1475544637.514,-5.224385E-32, 1.565477E000
1475544638.838,-9.616215E-06, 1.620544E000
1475544640.126,-5.224385E-32, 1.623585E000
1475544641.418,-1.923242E-05, 1.622009E000
1475544642.714,-5.224385E-32, 1.653298E000
1475544644.006, 1.923242E-05, 1.705287E000
1475544645.586, 4.808107E-06, 1.743518E000
1475544646.878,-9.616215E-06, 1.745076E000
1475544648.233,-1.442432E-05, 1.712505E000
1475544649.556,-1.442432E-05, 1.543806E000
1475544650.848,-5.224385E-32, 1.376518E000
1475544652.140,-9.616215E-06, 1.363804E000
1475544653.430,-9.616215E-06, 1.365765E000
1475544655.021,-9.616215E-06, 1.304121E000
1475544656.312,-1.442432E-05, 1.234326E000
1475544657.670,-2.884864E-05, 1.208424E000
1475544658.996,-4.808107E-06, 1.207746E000
1475544660.288,-9.616215E-06, 1.217546E000
1475544661.580, 4.808107E-06, 1.236671E000
1475544662.873,-1.442432E-05, 1.252993E000
1475544664.166,-5.224385E-32, 1.248304E000
1475544665.741,-1.442432E-05, 1.283439E000
1475544667.033,-1.442432E-05, 1.452761E000
1475544668.388,-2.404053E-05, 1.623072E000
1475544669.710,-5.224385E-32, 1.630601E000
1475544671.003,-5.224385E-32, 1.632341E000
1475544672.295,-2.884864E-05, 1.597077E000
1475544673.588,-1.923242E-05, 1.541626E000
1475544675.180,-1.923242E-05, 1.506069E000
1475544676.473,-4.808107E-06, 1.504164E000
1475544677.828,-5.224385E-32, 1.525817E000
1475544679.148,-1.442432E-05, 1.580041E000
1475544680.436,-4.808107E-06, 1.625435E000
1475544681.728, 4.808107E-06, 1.623456E000
1475544683.021,-1.442432E-05, 1.621991E000
1475544684.310, 4.808107E-06, 1.665169E000
1475544685.890,-4.808107E-06, 1.730493E000
1475544687.178, 9.616215E-06, 1.745369E000
1475544688.531,-4.808107E-06, 1.747402E000
1475544689.850, 4.808107E-06, 1.672789E000
1475544691.146,-4.808107E-06, 1.506051E000
1475544692.436,-1.923242E-05, 1.364152E000
1475544693.725,-9.616215E-06, 1.365801E000
1475544695.309,-4.808107E-06, 1.361918E000
1475544696.600,-9.616215E-06, 1.288367E000
1475544697.953,-1.442432E-05, 1.217528E000
1475544699.276, 4.808107E-06, 1.208570E000
1475544700.565,-5.224385E-32, 1.208204E000
1475544701.855, 9.616215E-06, 1.220899E000
1475544703.145, 9.616215E-06, 1.239218E000
1475544704.436,-2.404053E-05, 1.249476E000
1475544706.016,-1.442432E-05, 1.244841E000
1475544707.311,-9.616215E-06, 1.320700E000
1475544708.663,-9.616215E-06, 1.499474E000
1475544709.983,-9.616215E-06, 1.632652E000
1475544711.273,-5.224385E-32, 1.631901E000
1475544712.566,-5.224385E-32, 1.633001E000
1475544713.858,-4.808107E-06, 1.585078E000
1475544715.441,-9.616215E-06, 1.514496E000
1475544716.731,-5.224385E-32, 1.504494E000
1475544718.083,-2.884864E-05, 1.503174E000
1475544719.405,-4.808107E-06, 1.537138E000
1475544720.695,-1.923242E-05, 1.590098E000
1475544721.985,-1.442432E-05, 1.623511E000
1475544723.280,-9.616215E-06, 1.622083E000
1475544724.573,-5.224385E-32, 1.625032E000
1475544725.595,-1.442432E-05, 1.664729E000
1475544726.886,-9.616215E-06, 1.718623E000
1475544728.241,-4.808107E-06, 1.745350E000
1475544729.565,-1.923242E-05, 1.746504E000
1475544730.856,-1.923242E-05, 1.709280E000
1475544732.148,-2.404053E-05, 1.545436E000
1475544733.440,-4.808107E-06, 1.378716E000
1475544734.730, 4.808107E-06, 1.365526E000
1475544736.315,-1.442432E-05, 1.367248E000
1475544737.683,-9.616215E-06, 1.300421E000
1475544739.005, 4.808107E-06, 1.229051E000
1475544740.296,-5.224385E-32, 1.208625E000
1475544741.588, 4.808107E-06, 1.208149E000
1475544742.881,-9.616215E-06, 1.216356E000
1475544744.171,-1.442432E-05, 1.232128E000
1475544745.751, 4.808107E-06, 1.248139E000
1475544747.042,-9.616215E-06, 1.244896E000
1475544748.398,-1.442432E-05, 1.291573E000
1475544749.721,-9.616215E-06, 1.468460E000
1475544751.013,-4.808107E-06, 1.628421E000
1475544752.305,-9.616215E-06, 1.631645E000
1475544753.596, 1.923242E-05, 1.633037E000
1475544754.888,-4.808107E-06, 1.596051E000
1475544756.469,-5.224385E-32, 1.525890E000
1475544757.828,-1.923242E-05, 1.504750E000
1475544759.150,-9.616215E-06, 1.503174E000
1475544760.442,-2.404053E-05, 1.525853E000
1475544761.735,-9.616215E-06, 1.578667E000
1475544763.026,-5.224385E-32, 1.624354E000
1475544764.318,-5.224385E-32, 1.622559E000
1475544765.905,-1.923242E-05, 1.626003E000
1475544767.195,-3.365675E-05, 1.678889E000
1475544768.551,-1.442432E-05, 1.735898E000
1475544769.878,-9.616215E-06, 1.745662E000
1475544771.168,-1.923242E-05, 1.748007E000
1475544772.461,-9.616215E-06, 1.670646E000
1475544773.753,-4.808107E-06, 1.504145E000
1475544775.046,-2.884864E-05, 1.365197E000
1475544776.623,-1.442432E-05, 1.365856E000
1475544777.978,-4.808107E-06, 1.358510E000
1475544779.301,-2.884864E-05, 1.281406E000
1475544780.593,-1.923242E-05, 1.214908E000
1475544781.885,-9.616215E-06, 1.208314E000
1475544783.175,-2.404053E-05, 1.206921E000
1475544784.466,-1.442432E-05, 1.216685E000
1475544786.035,-2.884864E-05, 1.241434E000
1475544787.395,-2.404053E-05, 1.247260E000
1475544788.715,-2.404053E-05, 1.242662E000
1475544790.005,-2.404053E-05, 1.335245E000
1475544791.298,-9.616215E-06, 1.507864E000
1475544792.590,-1.923242E-05, 1.633001E000
1475544793.878,-2.404053E-05, 1.632121E000
1475544795.170,-2.884864E-05, 1.632414E000
1475544796.773,-3.846485E-05, 1.568811E000
1475544798.132,-3.365675E-05, 1.510246E000
1475544799.455,-2.404053E-05, 1.504420E000
1475544800.746,-2.884864E-05, 1.502368E000
1475544802.043,-3.846485E-05, 1.537303E000
1475544803.335,-2.884864E-05, 1.591014E000
1475544804.626,-9.616215E-06, 1.623566E000
1475544806.213,-1.442432E-05, 1.621734E000
1475544806.926,-1.923242E-05, 1.621789E000
1475544808.250,-5.224385E-32, 1.668906E000
1475544809.543,-1.923242E-05, 1.722598E000
1475544810.836,-2.884864E-05, 1.745808E000
1475544812.128,-4.808107E-06, 1.748684E000
1475544813.420,-2.404053E-05, 1.719392E000
1475544814.710,-1.923242E-05, 1.554467E000
1475544816.291,-1.923242E-05, 1.365966E000
1475544817.011,-3.365675E-05, 1.365215E000
1475544818.333,-9.616215E-06, 1.366149E000
1475544819.623,-1.442432E-05, 1.340265E000
1475544820.914,-2.884864E-05, 1.266403E000
1475544822.205,-9.616215E-06, 1.209376E000
1475544823.498,-4.808107E-06, 1.207306E000
1475544824.790,-1.923242E-05, 1.205291E000
1475544826.365,-2.404053E-05, 1.222328E000
1475544827.721,-9.616215E-06, 1.247663E000
1475544829.043,-2.404053E-05, 1.245611E000
1475544830.335,-2.884864E-05, 1.242533E000
1475544831.625,-2.884864E-05, 1.373165E000
1475544832.921,-2.884864E-05, 1.545216E000
1475544834.213,-1.442432E-05, 1.632231E000
1475544835.505,-9.616215E-06, 1.631938E000
1475544837.083,-2.404053E-05, 1.614095E000
1475544838.438,-9.616215E-06, 1.554742E000
1475544839.758,-2.884864E-05, 1.505006E000
1475544841.050,-9.616215E-06, 1.503413E000
1475544842.341,-1.442432E-05, 1.501489E000
1475544843.632,-3.365675E-05, 1.546902E000
1475544844.926,-2.884864E-05, 1.601437E000
1475544846.562,-2.404053E-05, 1.623017E000
1475544847.276,-1.442432E-05, 1.622943E000
1475544848.604,-9.616215E-06, 1.628751E000
1475544849.896,-2.404053E-05, 1.681985E000
1475544851.186,-2.404053E-05, 1.734615E000
1475544852.478,-4.327297E-05, 1.747640E000
1475544853.770,-1.923242E-05, 1.752586E000
1475544855.061,-2.404053E-05, 1.686034E000
1475544856.638,-2.404053E-05, 1.478920E000
1475544857.356,-2.884864E-05, 1.384358E000
1475544858.681,-1.442432E-05, 1.365636E000
1475544859.973,-9.616215E-06, 1.366662E000
1475544861.265,-3.365675E-05, 1.324236E000
1475544862.556,-2.884864E-05, 1.252297E000
1475544863.851,-4.327297E-05, 1.208204E000
1475544865.143,-2.404053E-05, 1.204851E000
1475544866.715,-1.442432E-05, 1.209688E000
1475544868.070,-9.616215E-06, 1.227823E000
1475544869.393,-1.442432E-05, 1.249275E000
1475544870.684,-4.808107E-06, 1.245556E000
1475544871.976,-1.442432E-05, 1.246820E000
1475544873.265,-9.616215E-06, 1.406616E000
1475544874.556,-2.884864E-05, 1.576615E000
1475544875.848,-1.923242E-05, 1.631828E000
1475544877.431,-1.923242E-05, 1.631938E000
1475544878.786,-4.808107E-06, 1.601419E000
1475544880.111,-1.923242E-05, 1.543714E000
1475544881.403,-5.224385E-32, 1.504622E000
1475544882.695,-2.404053E-05, 1.502570E000
1475544883.987,-3.365675E-05, 1.504841E000
1475544885.280,-1.442432E-05, 1.556702E000
1475544886.868,-9.616215E-06, 1.621954E000
1475544887.583,-1.923242E-05, 1.624171E000
1475544888.906,-9.616215E-06, 1.623914E000
1475544890.198,-1.923242E-05, 1.635748E000
1475544891.490,-4.808107E-06, 1.689075E000
1475544892.781,-1.442432E-05, 1.741723E000
1475544894.076,-1.923242E-05, 1.751377E000
1475544895.371,-3.846485E-05, 1.756177E000
1475544896.945,-1.442432E-05, 1.627706E000
1475544898.305, 4.808107E-06, 1.447998E000
1475544899.628,-3.365675E-05, 1.365984E000
1475544900.921,-1.923242E-05, 1.367157E000
1475544902.212,-1.442432E-05, 1.353454E000
1475544903.503,-2.404053E-05, 1.277889E000
1475544904.795,-2.404053E-05, 1.211025E000
1475544906.090,-1.923242E-05, 1.204064E000
1475544907.663,-1.442432E-05, 1.204320E000
1475544908.985,-4.808107E-06, 1.219946E000
1475544910.282,-4.808107E-06, 1.244530E000
1475544911.574, 4.808107E-06, 1.247058E000
1475544912.863,-9.616215E-06, 1.243614E000
1475544914.155,-1.923242E-05, 1.337370E000
1475544915.448,-1.442432E-05, 1.509366E000
1475544917.101, 9.616215E-06, 1.632011E000
1475544917.813,-1.923242E-05, 1.631480E000
1475544919.136,-1.923242E-05, 1.632488E000
1475544920.428,-1.923242E-05, 1.590739E000
1475544921.718,-1.442432E-05, 1.534262E000
1475544923.010,-1.442432E-05, 1.503376E000
1475544924.303,-1.923242E-05, 1.501214E000
1475544925.600,-9.616215E-06, 1.512187E000
1475544927.178,-4.808107E-06, 1.578190E000
1475544927.891,-5.224385E-32, 1.609461E000
1475544929.215,-9.616215E-06, 1.624794E000
1475544930.508,-9.616215E-06, 1.624134E000
1475544931.800,-2.404053E-05, 1.645237E000
1475544933.093,-1.923242E-05, 1.698509E000
1475544934.378,-1.923242E-05, 1.749161E000
1475544935.666,-1.923242E-05, 1.754491E000
1475544937.248,-9.616215E-06, 1.752293E000
1475544937.964,-4.808107E-06, 1.671489E000
1475544939.289,-9.616215E-06, 1.497514E000
1475544940.584, 4.808107E-06, 1.365984E000
1475544941.875,-9.616215E-06, 1.367322E000
1475544943.166,-1.442432E-05, 1.368402E000
1475544944.458,-4.808107E-06, 1.299542E000
1475544945.750,-1.923242E-05, 1.226724E000
1475544947.326,-9.616215E-06, 1.202616E000
1475544948.680,-1.442432E-05, 1.202415E000
1475544950.003,-4.808107E-06, 1.215495E000
1475544951.296,-4.808107E-06, 1.238210E000
1475544952.588,-2.884864E-05, 1.248066E000
1475544953.878,-5.224385E-32, 1.243651E000
1475544955.170,-1.442432E-05, 1.292727E000
1475544956.467, 4.808107E-06, 1.467160E000
1475544958.043,-1.442432E-05, 1.632909E000
1475544959.366,-1.442432E-05, 1.631718E000
1475544960.656,-9.616215E-06, 1.632414E000
1475544961.948,-1.442432E-05, 1.581818E000
1475544963.238,-1.442432E-05, 1.524461E000
1475544964.528,-1.923242E-05, 1.502185E000
1475544965.818,-1.442432E-05, 1.500537E000
1475544967.473,-2.404053E-05, 1.536094E000
1475544968.188,-2.884864E-05, 1.566613E000
1475544969.513,-1.442432E-05, 1.622742E000
1475544970.803,-2.404053E-05, 1.625197E000
1475544972.100,-1.923242E-05, 1.623475E000
1475544973.391,-3.365675E-05, 1.657273E000
1475544974.683,-2.404053E-05, 1.712852E000
1475544975.975,-3.365675E-05, 1.753630E000
1475544977.550,-9.616215E-06, 1.756708E000
1475544978.905,-2.884864E-05, 1.719869E000
1475544980.225,-1.923242E-05, 1.547579E000
1475544981.518,-3.846485E-05, 1.379467E000
1475544982.810,-3.365675E-05, 1.367395E000
1475544984.100,-2.404053E-05, 1.368109E000
1475544985.394,-2.884864E-05, 1.320224E000
1475544986.680,-2.884864E-05, 1.245116E000
1475544988.267,-3.365675E-05, 1.202488E000
1475544989.588,-4.327297E-05, 1.202287E000
1475544990.880,-3.846485E-05, 1.210787E000
1475544992.171,-3.365675E-05, 1.230406E000
1475544993.461,-3.365675E-05, 1.249421E000
1475544994.753,-2.404053E-05, 1.243779E000
1475544996.037,-4.327297E-05, 1.246435E000
1475544997.703,-4.327297E-05, 1.456168E000
1475544999.026,-3.846485E-05, 1.623017E000
1475545000.320,-2.404053E-05, 1.631681E000
1475545001.611,-3.846485E-05, 1.631974E000
1475545002.903,-3.365675E-05, 1.596766E000
1475545004.200,-3.365675E-05, 1.539373E000
1475545005.491,-3.846485E-05, 1.501544E000
1475545006.781,-3.846485E-05, 1.500427E000
1475545008.421,-1.923242E-05, 1.520339E000
1475545009.742,-2.884864E-05, 1.577109E000
1475545011.035,-1.923242E-05, 1.626516E000
1475545012.328,-1.923242E-05, 1.624409E000
1475545013.618,-2.404053E-05, 1.623420E000
1475545014.910,-3.365675E-05, 1.666707E000
1475545016.203,-3.846485E-05, 1.722726E000
1475545017.857,-1.442432E-05, 1.755535E000
1475545019.178,-1.923242E-05, 1.757551E000
1475545020.476,-3.846485E-05, 1.689807E000
1475545021.768,-3.365675E-05, 1.520742E000
1475545023.060,-4.327297E-05, 1.368219E000
1475545024.353,-3.365675E-05, 1.367706E000
1475545025.643,-9.616215E-06, 1.366882E000
1475545026.936,-3.365675E-05, 1.306283E000
1475545028.576,-3.365675E-05, 1.215641E000
1475545029.898,-2.884864E-05, 1.203019E000
1475545031.190,-3.365675E-05, 1.202671E000
1475545032.483,-1.923242E-05, 1.214945E000
1475545033.774,-4.327297E-05, 1.234931E000
1475545035.066,-1.923242E-05, 1.246618E000
1475545036.363,-3.846485E-05, 1.241929E000
1475545038.011,-9.616215E-06, 1.313830E000
1475545039.336,-2.884864E-05, 1.489692E000
1475545040.628,-3.846485E-05, 1.633330E000
1475545041.919,-3.846485E-05, 1.632652E000
1475545043.210,-3.846485E-05, 1.632396E000
1475545044.503,-2.884864E-05, 1.586800E000
1475545045.793,-2.404053E-05, 1.529114E000
1475545047.084,-1.923242E-05, 1.501159E000
1475545048.090,-6.250539E-05, 1.500280E000
1475545049.413,-3.365675E-05, 1.505941E000
1475545050.703,-5.769729E-05, 1.560091E000
1475545051.998,-3.846485E-05, 1.614883E000
1475545053.290,-3.846485E-05, 1.624501E000
1475545054.583,-2.884864E-05, 1.624042E000
1475545055.876,-1.923242E-05, 1.650294E000
1475545057.169,-2.884864E-05, 1.706294E000
1475545058.163,-2.884864E-05, 1.748776E000
1475545059.478,-4.327297E-05, 1.757093E000
1475545060.771,-4.327297E-05, 1.757752E000
1475545062.062,-3.365675E-05, 1.662531E000
1475545063.355,-4.327297E-05, 1.493319E000
1475545064.648,-4.327297E-05, 1.367120E000
1475545065.945,-2.404053E-05, 1.367560E000
1475545067.236,-2.884864E-05, 1.364152E000
1475545068.873,-3.365675E-05, 1.272338E000
1475545070.195,-3.365675E-05, 1.206738E000
1475545071.487,-3.365675E-05, 1.203349E000
1475545072.779,-3.846485E-05, 1.204100E000
1475545074.071,-4.327297E-05, 1.218994E000
1475545075.363,-2.404053E-05, 1.237184E000
1475545076.655,-1.923242E-05, 1.244310E000
1475545078.312,-2.404053E-05, 1.240903E000
1475545079.635,-3.846485E-05, 1.345431E000
1475545080.926,-2.404053E-05, 1.518104E000
1475545082.220,-1.442432E-05, 1.634503E000
1475545083.513,-1.923242E-05, 1.632194E000
1475545084.805,-1.923242E-05, 1.630014E000
1475545086.100,-2.404053E-05, 1.576816E000
1475545087.456,-1.442432E-05, 1.516346E000
1475545088.480,-2.404053E-05, 1.500298E000
1475545089.770,-1.442432E-05, 1.500921E000
1475545091.063,-2.404053E-05, 1.516456E000
1475545092.353,-1.442432E-05, 1.570863E000
1475545093.645,-1.923242E-05, 1.622815E000
1475545094.938,-4.808107E-06, 1.623530E000
1475545096.230,-1.442432E-05, 1.625417E000
1475545097.598,-2.404053E-05, 1.665571E000
1475545099.198,-1.923242E-05, 1.734286E000
1475545100.490,-1.442432E-05, 1.756855E000
1475545101.781,-1.442432E-05, 1.757404E000
1475545103.074,-4.808107E-06, 1.713292E000
1475545104.363,-2.884864E-05, 1.545418E000
1475545105.655,-9.616215E-06, 1.379064E000
1475545106.946,-4.808107E-06, 1.366406E000
1475545108.633,-1.923242E-05, 1.362430E000
1475545109.316,-1.923242E-05, 1.327735E000
1475545110.606,-2.884864E-05, 1.253928E000
1475545111.898,-1.442432E-05, 1.202671E000
1475545113.195,-2.404053E-05, 1.203880E000
1475545114.488,-2.404053E-05, 1.207233E000
1475545115.781,-3.365675E-05, 1.221448E000
1475545117.071,-4.808107E-06, 1.241196E000
1475545118.711,-9.616215E-06, 1.241013E000
1475545120.033,-1.442432E-05, 1.239291E000
1475545121.323,-1.442432E-05, 1.386776E000
1475545122.613,-1.442432E-05, 1.559249E000
1475545123.903,-4.327297E-05, 1.633623E000
1475545125.195,-9.616215E-06, 1.631590E000
1475545126.488,-9.616215E-06, 1.620544E000
1475545127.843,-1.923242E-05, 1.559743E000
1475545129.430,-9.616215E-06, 1.500115E000
1475545130.720,-2.404053E-05, 1.501654E000
1475545132.011,-3.365675E-05, 1.503962E000
1475545133.301,-3.365675E-05, 1.553002E000
1475545134.593,-2.404053E-05, 1.606310E000
1475545135.885,-1.923242E-05, 1.624739E000
1475545137.176,-1.923242E-05, 1.626241E000
1475545138.863,-9.616215E-06, 1.661431E000
1475545139.546,-2.404053E-05, 1.690797E000
1475545140.836,-2.884864E-05, 1.746431E000
1475545142.128,-2.884864E-05, 1.757459E000
1475545143.420,-1.923242E-05, 1.757386E000
1475545144.716,-2.404053E-05, 1.678798E000
1475545146.008,-2.884864E-05, 1.510850E000
1475545147.300,-1.923242E-05, 1.365984E000
1475545148.940,-1.442432E-05, 1.362797E000
1475545150.261,-1.442432E-05, 1.353802E000
1475545151.553,-1.923242E-05, 1.277816E000
1475545152.845,-2.884864E-05, 1.211135E000
1475545154.136,-1.442432E-05, 1.204723E000
1475545155.428,-2.404053E-05, 1.205438E000
1475545156.681,-3.365675E-05, 1.215092E000
1475545158.036, 4.808107E-06, 1.232073E000
1475545159.658,-1.442432E-05, 1.240811E000
1475545160.955,-4.808107E-06, 1.238943E000
1475545162.246,-1.442432E-05, 1.322495E000
1475545163.538,-2.404053E-05, 1.496836E000
1475545164.831,-1.442432E-05, 1.635345E000
1475545166.123,-9.616215E-06, 1.631462E000
1475545167.478,-1.923242E-05, 1.630509E000
1475545169.093,-1.442432E-05, 1.565972E000
1475545170.385,-5.224385E-32, 1.509037E000
1475545171.678,-2.404053E-05, 1.501947E000
1475545172.970,-9.616215E-06, 1.503229E000
1475545174.260,-3.365675E-05, 1.534372E000
1475545175.551,-9.616215E-06, 1.587405E000
1475545176.848,-1.923242E-05, 1.626442E000
1475545178.205,-1.442432E-05, 1.627340E000
1475545179.811,-1.442432E-05, 1.642343E000
1475545181.103,-2.404053E-05, 1.698601E000
1475545182.396,-4.808107E-06, 1.752989E000
1475545183.688,-2.404053E-05, 1.757367E000
1475545184.980,-2.884864E-05, 1.757313E000
1475545186.270,-2.404053E-05, 1.657969E000
1475545187.626,-4.808107E-06, 1.479745E000
1475545189.248,-1.923242E-05, 1.363365E000
1475545190.540,-1.923242E-05, 1.361588E000
1475545191.830,-1.442432E-05, 1.343104E000
1475545193.126,-4.808107E-06, 1.267484E000
1475545194.416,-1.923242E-05, 1.206647E000
1475545195.709,-1.442432E-05, 1.205786E000
1475545197.003,-1.923242E-05, 1.205328E000
1475545198.359,-3.365675E-05, 1.216429E000
1475545199.968,-1.923242E-05, 1.239547E000
1475545201.258,-1.923242E-05, 1.239712E000
1475545202.548,-1.923242E-05, 1.238723E000
1475545203.841,-2.404053E-05, 1.352941E000
1475545205.132,-3.846485E-05, 1.526311E000
1475545206.423,-4.808107E-06, 1.634265E000
1475545207.778,-2.404053E-05, 1.630949E000
1475545209.403,-2.404053E-05, 1.614205E000
1475545210.695,-1.442432E-05, 1.556043E000
1475545211.988,-2.884864E-05, 1.503596E000
1475545213.281,-9.616215E-06, 1.503651E000
1475545214.571,-1.442432E-05, 1.503449E000
1475545215.863,-2.404053E-05, 1.543183E000
1475545217.155,-4.327297E-05, 1.597608E000
1475545218.512,-2.404053E-05, 1.628054E000
1475545220.121,-1.442432E-05, 1.628164E000
1475545221.413,-2.884864E-05, 1.652418E000
1475545222.705,-9.616215E-06, 1.708658E000
1475545223.998,-1.923242E-05, 1.757807E000
1475545225.294,-1.923242E-05, 1.757734E000
1475545226.585,-2.404053E-05, 1.757862E000
1475545227.941,-3.365675E-05, 1.624940E000
1475545229.557,-2.884864E-05, 1.407880E000
1475545230.848,-2.404053E-05, 1.361478E000
1475545232.140,-1.442432E-05, 1.361203E000
1475545233.433,-3.365675E-05, 1.332644E000
1475545234.723,-2.884864E-05, 1.260119E000
1475545236.015,-1.442432E-05, 1.206262E000
1475545237.308,-1.923242E-05, 1.206610E000
1475545238.665,-3.365675E-05, 1.205786E000
1475545240.276,-3.846485E-05, 1.220074E000
1475545241.567,-9.616215E-06, 1.240720E000
1475545242.859,-1.923242E-05, 1.239529E000
1475545244.151,-2.884864E-05, 1.239254E000
1475545245.435,-1.442432E-05, 1.374118E000
1475545246.678,-1.923242E-05, 1.541388E000
1475545248.035,-3.365675E-05, 1.633513E000
1475545249.738,-1.923242E-05, 1.631040E000
1475545250.388,-3.846485E-05, 1.629392E000
1475545251.680,-1.923242E-05, 1.576725E000
1475545252.973,-1.442432E-05, 1.521109E000
1475545254.265,-2.884864E-05, 1.503852E000
1475545255.561,-3.365675E-05, 1.503981E000
1475545256.854,-3.365675E-05, 1.524351E000
1475545258.210,-2.404053E-05, 1.581836E000
1475545259.814,-2.404053E-05, 1.629813E000
1475545261.106,-2.884864E-05, 1.628512E000
1475545262.398,-2.404053E-05, 1.634118E000
1475545263.690,-2.884864E-05, 1.689569E000
1475545264.983,-2.404053E-05, 1.744379E000
1475545266.273,-1.923242E-05, 1.758155E000
1475545267.630,-2.884864E-05, 1.758082E000
1475545268.953,-3.365675E-05, 1.682627E000
1475545270.533,-3.365675E-05, 1.472344E000
1475545271.829,-2.884864E-05, 1.361240E000
1475545273.120,-2.404053E-05, 1.361551E000
1475545274.411,-2.404053E-05, 1.359078E000
1475545275.703,-2.884864E-05, 1.286957E000
1475545276.996,-1.442432E-05, 1.220404E000
1475545278.351,-1.442432E-05, 1.206720E000
1475545279.968,-1.923242E-05, 1.203349E000
1475545281.258,-4.808107E-06, 1.212820E000
1475545282.550,-3.365675E-05, 1.231670E000
1475545283.841,-4.808107E-06, 1.240097E000
1475545285.133,-2.884864E-05, 1.239621E000
1475545286.426,-2.404053E-05, 1.308060E000
1475545287.793,-1.442432E-05, 1.493117E000
1475545289.115,-1.923242E-05, 1.635180E000
1475545290.685,-1.923242E-05, 1.631334E000
1475545291.977,-4.808107E-06, 1.627413E000
1475545293.269,-4.327297E-05, 1.573153E000
1475545294.561,-1.923242E-05, 1.518178E000
1475545295.853,-2.404053E-05, 1.504200E000
1475545297.143,-2.884864E-05, 1.503779E000
1475545298.500,-2.884864E-05, 1.532082E000
1475545300.123,-3.846485E-05, 1.601932E000
1475545301.416,-2.884864E-05, 1.630033E000
1475545302.708,-1.923242E-05, 1.628952E000
1475545304.006,-1.442432E-05, 1.639357E000
1475545305.298,-3.365675E-05, 1.695926E000
1475545306.588,-3.365675E-05, 1.749710E000
1475545307.943,-2.404053E-05, 1.758613E000
1475545309.266,-1.923242E-05, 1.758320E000
1475545310.841,-2.404053E-05, 1.629172E000
1475545312.133,-2.884864E-05, 1.457066E000
1475545313.423,-2.884864E-05, 1.361350E000
1475545314.713,-1.923242E-05, 1.361808E000
1475545316.005,-9.616215E-06, 1.357100E000
1475545317.296,-1.923242E-05, 1.282908E000
1475545318.650,-2.884864E-05, 1.213553E000
1475545320.275,-1.923242E-05, 1.205694E000
1475545321.566,-2.404053E-05, 1.201700E000
1475545322.856,-2.404053E-05, 1.211739E000
1475545324.148,-1.923242E-05, 1.233612E000
1475545325.441,-2.404053E-05, 1.239932E000
1475545326.734,-2.404053E-05, 1.240152E000
1475545328.096,-5.224385E-32, 1.332791E000
1475545329.420,-1.442432E-05, 1.510246E000
1475545330.995,-2.884864E-05, 1.633953E000
1475545332.286,-2.404053E-05, 1.630784E000
1475545333.578,-2.884864E-05, 1.624849E000
1475545334.871,-1.923242E-05, 1.568646E000
1475545336.169,-3.365675E-05, 1.512737E000
1475545337.525,-1.923242E-05, 1.503981E000
1475545338.848,-2.884864E-05, 1.504054E000
1475545340.433,-1.923242E-05, 1.551958E000
1475545341.725,-2.884864E-05, 1.607446E000
1475545343.018,-2.404053E-05, 1.629758E000
1475545344.311,-2.404053E-05, 1.629886E000
1475545345.603,-1.442432E-05, 1.644798E000
1475545346.893,-1.442432E-05, 1.700725E000
1475545348.250,-1.923242E-05, 1.754986E000
1475545349.573,-2.884864E-05, 1.757990E000
1475545351.151,-2.404053E-05, 1.754821E000
1475545352.448,-2.884864E-05, 1.611055E000
1475545353.740,-2.404053E-05, 1.440377E000
1475545355.033,-9.616215E-06, 1.361185E000
1475545356.325,-2.884864E-05, 1.362943E000
1475545357.682,-3.846485E-05, 1.347336E000
1475545359.006,-3.365675E-05, 1.270854E000
1475545360.586,-1.442432E-05, 1.206335E000
1475545361.878,-9.616215E-06, 1.203074E000
1475545363.170,-2.884864E-05, 1.200180E000
1475545364.461,-3.846485E-05, 1.212490E000
1475545365.753,-1.442432E-05, 1.236030E000
1475545367.045,-2.404053E-05, 1.239932E000
1475545368.405,-1.442432E-05, 1.240408E000
1475545369.728,-2.404053E-05, 1.352593E000
1475545370.754,-1.923242E-05, 1.490534E000
1475545372.046,-1.923242E-05, 1.635199E000
1475545373.338, 4.808107E-06, 1.631535E000
1475545374.630,-1.923242E-05, 1.631242E000
1475545375.921,-2.884864E-05, 1.588394E000
1475545377.213,-1.442432E-05, 1.531624E000
1475545378.568,-1.923242E-05, 1.503193E000
1475545379.890,-1.442432E-05, 1.504732E000
1475545381.475,-9.616215E-06, 1.534317E000
1475545382.765,-1.923242E-05, 1.588889E000
1475545384.062,-4.808107E-06, 1.630894E000
1475545385.355,-2.884864E-05, 1.630234E000
1475545386.648,-1.442432E-05, 1.632927E000
1475545388.006, 4.808107E-06, 1.685576E000
1475545389.329,-1.442432E-05, 1.740349E000
1475545390.911,-9.616215E-06, 1.756653E000
1475545392.201,-1.923242E-05, 1.754235E000
1475545393.491,-1.923242E-05, 1.667953E000
1475545394.781,-9.616215E-06, 1.498576E000
1475545396.042,-2.404053E-05, 1.360965E000
1475545397.398,-1.442432E-05, 1.363493E000
1475545398.720,-2.884864E-05, 1.365508E000
1475545400.018,-4.327297E-05, 1.297362E000
1475545401.631,-1.923242E-05, 1.212600E000
1475545402.923,-9.616215E-06, 1.202635E000
1475545404.215,-1.442432E-05, 1.197487E000
1475545405.505,-9.616215E-06, 1.206848E000
1475545406.796,-9.616215E-06, 1.227109E000
1475545408.151,-9.616215E-06, 1.240170E000
1475545409.473,-9.616215E-06, 1.240335E000
1475545411.068,-1.442432E-05, 1.334366E000
1475545412.361,-1.923242E-05, 1.508505E000
1475545413.653,-2.404053E-05, 1.636096E000
1475545414.950,-3.846485E-05, 1.632231E000
1475545416.243,-9.616215E-06, 1.631718E000
1475545417.601,-2.404053E-05, 1.579051E000
1475545418.924,-4.808107E-06, 1.520706E000
1475545420.218,-1.442432E-05, 1.504054E000
1475545421.786,-1.442432E-05, 1.506234E000
1475545423.078,-9.616215E-06, 1.540362E000
1475545424.370,-9.616215E-06, 1.595062E000
1475545425.661,-2.404053E-05, 1.630967E000
1475545426.953,-5.224385E-32, 1.631224E000
1475545428.310,-1.923242E-05, 1.638020E000
1475545429.631,-9.616215E-06, 1.693013E000
1475545431.221,-2.884864E-05, 1.754894E000
1475545432.509,-1.442432E-05, 1.753868E000
1475545433.798,-1.923242E-05, 1.751963E000
1475545435.090,-1.442432E-05, 1.646593E000
1475545436.381,-9.616215E-06, 1.476356E000
1475545437.736,-9.616215E-06, 1.362394E000
1475545439.060,-9.616215E-06, 1.365087E000
1475545440.353,-4.808107E-06, 1.361057E000
1475545441.935,-9.616215E-06, 1.268656E000
1475545443.226,-4.808107E-06, 1.206005E000
1475545444.517,-2.404053E-05, 1.199704E000
1475545445.808,-4.808107E-06, 1.195380E000
1475545447.101,-1.442432E-05, 1.208863E000
1475545448.457,-1.442432E-05, 1.231982E000
1475545449.780,-4.808107E-06, 1.239822E000
1475545451.372,-9.616215E-06, 1.240225E000
1475545452.664,-1.923242E-05, 1.362321E000
1475545453.955,-9.616215E-06, 1.536057E000
1475545455.248,-2.404053E-05, 1.636225E000
1475545456.540,-1.442432E-05, 1.632433E000
1475545457.893, 4.808107E-06, 1.625948E000
1475545459.214,-5.224385E-32, 1.567767E000
1475545460.508, 4.808107E-06, 1.511565E000
1475545462.088,-1.923242E-05, 1.505373E000
1475545463.386,-1.923242E-05, 1.505941E000
1475545464.678,-2.404053E-05, 1.549814E000
1475545465.969,-4.808107E-06, 1.605229E000
1475545467.260,-9.616215E-06, 1.631352E000
1475545468.616,-5.224385E-32, 1.632066E000
1475545469.938,-9.616215E-06, 1.648828E000
1475545471.525,-1.442432E-05, 1.714611E000
1475545472.815,-4.808107E-06, 1.753997E000
1475545474.108,-1.923242E-05, 1.751157E000
1475545475.399,-2.884864E-05, 1.752037E000
1475545476.683,-1.923242E-05, 1.613381E000
1475545478.040,-2.404053E-05, 1.434387E000
1475545479.369,-2.884864E-05, 1.363859E000
1475545480.661,-4.808107E-06, 1.365893E000
1475545482.241,-4.808107E-06, 1.328632E000
1475545483.533,-1.442432E-05, 1.253250E000
1475545484.823,-5.224385E-32, 1.201059E000
1475545486.111,-4.808107E-06, 1.196736E000
1475545487.465,-2.404053E-05, 1.197707E000
1475545488.788,-4.808107E-06, 1.213681E000
1475545490.079,-1.923242E-05, 1.237569E000
1475545491.666,-4.808107E-06, 1.239712E000
1475545492.958,-1.442432E-05, 1.242716E000
1475545494.250,-1.923242E-05, 1.400277E000
1475545495.609,-4.808107E-06, 1.583942E000
1475545496.901,-1.923242E-05, 1.636115E000
1475545498.271,-9.616215E-06, 1.631828E000
1475545499.595,-9.616215E-06, 1.608783E000
1475545500.885,-1.442432E-05, 1.551371E000
1475545502.387,-9.616215E-06, 1.503962E000
1475545503.678,-9.616215E-06, 1.505739E000
1475545504.968,-4.808107E-06, 1.509385E000
1475545506.261,-9.616215E-06, 1.562509E000
1475545507.615,-1.923242E-05, 1.621661E000
1475545508.937,-4.808107E-06, 1.632469E000
1475545510.228,-5.224385E-32, 1.633404E000
1475545511.815,-9.616215E-06, 1.674401E000
1475545513.103,-2.404053E-05, 1.724302E000
1475545514.396,-2.404053E-05, 1.751304E000
1475545515.688,-9.616215E-06, 1.751689E000
1475545516.978,-1.923242E-05, 1.734744E000
1475545518.333,-9.616215E-06, 1.561447E000
1475545519.656,-1.923242E-05, 1.386886E000
1475545520.948,-4.808107E-06, 1.365581E000
1475545522.531,-2.404053E-05, 1.367029E000
1475545523.822,-3.846485E-05, 1.307474E000
1475545525.114,-1.442432E-05, 1.232824E000
1475545526.405,-1.442432E-05, 1.197597E000
1475545527.766,-9.616215E-06, 1.194391E000
1475545529.086,-9.616215E-06, 1.201774E000
1475545530.380,-1.442432E-05, 1.219012E000
1475545531.968,-5.224385E-32, 1.239676E000
1475545533.261,-5.224385E-32, 1.240243E000
1475545534.555,-4.808107E-06, 1.274958E000
1475545535.846,-4.808107E-06, 1.453164E000
1475545537.137,-5.224385E-32, 1.623511E000
1475545538.493,-5.224385E-32, 1.635309E000
1475545539.816,-5.224385E-32, 1.631187E000
1475545541.110,-4.808107E-06, 1.595062E000
1475545542.686,-1.442432E-05, 1.526513E000
1475545543.981,-9.616215E-06, 1.504970E000
1475545545.272,-1.442432E-05, 1.505208E000
1475545546.565,-2.404053E-05, 1.524388E000
1475545547.921,-1.442432E-05, 1.582715E000
1475545549.242,-3.365675E-05, 1.632909E000
1475545550.533,-1.923242E-05, 1.633202E000
1475545552.123,-4.808107E-06, 1.638423E000
1475545553.416,-1.442432E-05, 1.687572E000
1475545554.708,-1.442432E-05, 1.737418E000
1475545556.001,-1.442432E-05, 1.751139E000
1475545557.290,-1.442432E-05, 1.752220E000
